,Unnamed: 0,Name,Set,CardClass,Types,Cost,Text,Actions / Villagers,Cards,Buys,Coins / Coffers,Trash,Exile,Junk,Gain,Victory Points
0,0,Cellar,Base,Kingdom,Action,$2,"+1 ActionDiscard any number of cards, then draw that many.",+1,"-X,+X",,,,,,,
1,1,Chapel,Base,Kingdom,Action,$2,Trash up to 4 cards from your hand.,,,,,4,,,,
2,2,Moat,Base,Kingdom,Action - Reaction,$2,"+2 CardsWhen another player plays an Attack card, you may first reveal this from your hand, to be unaffected by it.",,+2,,,,,,,
3,3,Chancellor,"Base, 1E",Kingdom,Action,$3,+$2You may immediately put your deck into your discard pile.,,,,+$2,,,,,
4,4,Harbinger,"Base, 2E",Kingdom,Action,$3,+1 Card+1 ActionLook through your discard pile. You may put a card from it onto your deck.,+1,+1,,,,,,,
5,5,Merchant,"Base, 2E",Kingdom,Action,$3,"+1 Card+1 ActionThe first time you play a Silver this turn, +$1.",+1,+1,,+$1?,,,,,
6,6,Vassal,"Base, 2E",Kingdom,Action,$3,"+$2Discard the top card of your deck. If it's an Action card, you may play it.",,,,+$2,,,,,
7,7,Village,Base,Kingdom,Action,$3,+1 Card+2 Actions,+2,+1,,,,,,,
8,8,Woodcutter,"Base, 1E",Kingdom,Action,$3,+1 Buy+$2,,,+1,+$2,,,,,
9,9,Workshop,Base,Kingdom,Action,$3,Gain a card costing up to $4.,,,,,,,,1,
10,10,Bureaucrat,Base,Kingdom,Action - Attack,$4,Gain a Silver onto your deck. Each other player reveals a Victory card from their hand and puts it onto their deck (or reveals a hand with no Victory cards).,,,,,,,,1,
11,11,Feast,"Base, 1E",Kingdom,Action,$4,Trash this card. Gain a card costing up to $5.,,,,,Self,,,1,
12,12,Gardens,Base,Kingdom,Victory,$4,Worth 1VP per 10 cards you have (round down).,,,,,,,,,XVP
13,13,Militia,Base,Kingdom,Action - Attack,$4,+$2Each other player discards down to 3 cards in hand.,,,,+$2,,,,,
14,14,Moneylender,Base,Kingdom,Action,$4,You may trash a Copper from your hand for +$3.,,,,+$3?,1,,,,
15,15,Poacher,"Base, 2E",Kingdom,Action,$4,+1 Card+1 Action+$1Discard a card per empty Supply pile.,+1,"+1,-X",,+$1,,,,,
16,16,Remodel,Base,Kingdom,Action,$4,Trash a card from your hand. Gain a card costing up to $2 more than it.,,,,,1,,,1,
17,17,Smithy,Base,Kingdom,Action,$4,+3 Cards,,+3,,,,,,,
18,18,Spy,"Base, 1E",Kingdom,Action - Attack,$4,"+1 Card+1 ActionEach player (including you) reveals the top card of his deck and either discards it or puts it back, your choice.",+1,+1,,,,,,,
19,19,Thief,"Base, 1E",Kingdom,Action - Attack,$4,"Each other player reveals the top 2 cards of his deck.If they revealed any Treasure cards, they trash one of them that you choose. You may gain any or all of these trashed cards. They discard the other revealed cards.",,,,,,,,X,
20,20,Throne Room,Base,Kingdom,Action,$4,You may play an Action card from your hand twice.,,,,,,,,,
21,21,Bandit,"Base, 2E",Kingdom,Action - Attack,$5,"Gain a Gold. Each other player reveals the top 2 cards of their deck, trashes a revealed Treasure other than Copper, and discards the rest.",,,,,,,,1,
22,22,Council Room,Base,Kingdom,Action,$5,+4 Cards+1 BuyEach other player draws a card.,,+4,+1,,,,,,
23,23,Festival,Base,Kingdom,Action,$5,+2 Actions+1 Buy+$2,+2,,+1,+$2,,,,,
24,24,Laboratory,Base,Kingdom,Action,$5,+2 Cards+1 Action,+1,+2,,,,,,,
25,25,Library,Base,Kingdom,Action,$5,"Draw until you have 7 cards in hand, skipping any Action cards you choose to; set those aside, discarding them afterwards.",,+X?,,,,,,,
26,26,Market,Base,Kingdom,Action,$5,+1 Card+1 Action+1 Buy+$1,+1,+1,+1,+$1,,,,,
27,27,Mine,Base,Kingdom,Action,$5,You may trash a Treasure card from your hand. Gain a Treasure card to your hand costing up to $3 more than it.,,,,,1,,,1,
28,28,Sentry,"Base, 2E",Kingdom,Action,$5,+1 Card+1 ActionLook at the top 2 cards of your deck. Trash and/or discard any number of them. Put the rest back on top in any order.,+1,+1,,,2?,,,,
29,29,Witch,Base,Kingdom,Action - Attack,$5,+2 CardsEach other player gains a Curse.,,+2,,,,,1,,
30,30,Adventurer,"Base, 1E",Kingdom,Action,$6,Reveal cards from your deck until you reveal 2 Treasure cards. Put those Treasure cards into your hand and discard the other revealed cards.,,+2,,,,,,,
31,31,Artisan,"Base, 2E",Kingdom,Action,$6,Gain a card to your hand costing up to $5.Put a card from your hand onto your deck.,,,,,,,,1,
32,32,Copper,Base,Basic,Treasure,$0,$1,,,,+$1,,,,,
33,33,Silver,Base,Basic,Treasure,$3,$2,,,,+$2,,,,,
34,34,Gold,Base,Basic,Treasure,$6,$3,,,,+$3,,,,,
35,35,Estate,Base,Basic,Victory,$2,1VP,,,,,,,,,1VP
36,36,Duchy,Base,Basic,Victory,$5,3VP,,,,,,,,,3VP
37,37,Province,Base,Basic,Victory,$8,6VP,,,,,,,,,6VP
38,38,Curse,Base,Basic,Curse,$0,-1VP,,,,,,,,,-1VP
39,39,Courtyard,Intrigue,Kingdom,Action,$2,+3 CardsPut a card from your hand onto your deck.,,"+3,-1",,,,,,,
40,40,Lurker,"Intrigue, 2E",Kingdom,Action,$2,+1 ActionChoose one: Trash an Action card from the Supply; or gain an Action card from the trash.,+1,,,,1?,,,1?,
41,41,Pawn,Intrigue,Kingdom,Action,$2,Choose two: +1 Card; +1 Action; +1 Buy; +$1. The choices must be different.,+1?,+1?,+1?,+$1?,,,,,
42,42,Secret Chamber,"Intrigue, 1E",Kingdom,Action - Reaction,$2,"Discard any number of cards. +$1 per card discarded.When another player plays an Attack card, you may reveal this from your hand. If you do, +2 Cards, then put 2 cards from your hand on top of your deck.",,-X,,+$x,,,,,
43,43,Great Hall,"Intrigue, 1E",Kingdom,Action - Victory,$3,+1 Card+1 Action1VP,+1,+1,,,,,,,1VP
44,44,Masquerade,Intrigue,Kingdom,Action,$3,"+2 CardsEach player with any cards in hand passes one to the next such player to their left, at once. Then you may trash a card from your hand.",,+2,,,1?,,,,
45,45,Shanty Town,Intrigue,Kingdom,Action,$3,"+2 ActionsReveal your hand. If you have no Action cards in hand, +2 Cards.",+2,+2?,,,,,,,
46,46,Steward,Intrigue,Kingdom,Action,$3,Choose one: +2 Cards; or +$2; or trash 2 cards from your hand.,,+2?,,+$2?,2?,,,,
47,47,Swindler,Intrigue,Kingdom,Action - Attack,$3,+$2Each other player trashes the top card of their deck and gains a card with the same cost that you choose.,,,,+$2,,,,,
48,48,Wishing Well,Intrigue,Kingdom,Action,$3,"+1 Card+1 ActionName a card, then reveal the top card of your deck. If you named it, put it into your hand.",+1,+1-2,,,,,,,
49,49,Baron,Intrigue,Kingdom,Action,$4,"+1 BuyYou may discard an Estate for +$4. If you don't, gain an Estate.",,,+1,+$4?,,,,1?,
50,50,Bridge,Intrigue,Kingdom,Action,$4,"+1 Buy+$1This turn, cards (everywhere) cost $1 less, but not less than $0.",,,+1,+$1,,,,,
51,51,Conspirator,Intrigue,Kingdom,Action,$4,"+$2If you’ve played 3 or more Actions this turn (counting this), +1 Card and +1 Action.",+1?,+1?,,+$2,,,,,
52,52,Coppersmith,"Intrigue, 1E",Kingdom,Action,$4,Copper produces an extra $1 this turn.,,,,+$x,,,,,
53,53,Diplomat,"Intrigue, 2E",Kingdom,Action - Reaction,$4,"+2 CardsIf you have 5 or fewer cards in hand (after drawing), +2 Actions.When another player plays an Attack card, you may first reveal this from a hand of 5 or more cards, to draw 2 cards then discard 3.",+2?,+2,,,,,,,
54,54,Ironworks,Intrigue,Kingdom,Action,$4,"Gain a card costing up to $4. If the gained card is an…Action card, +1 ActionTreasure card, +$1Victory card, +1 Card",+1?,+1?,,+$1?,,,,1,
55,55,Mill,"Intrigue, 2E",Kingdom,Action - Victory,$4,"+1 Card+1 ActionYou may discard 2 cards, for +$21VP",+1,"+1,-2?",,+$2?,,,,,1VP
56,56,Mining Village,Intrigue,Kingdom,Action,$4,+1 Card+2 ActionsYou may trash this for +$2.,+2,+1,,+$2?,Self?,,,,
57,57,Scout,"Intrigue, 1E",Kingdom,Action,$4,+1 ActionReveal the top 4 cards of your deck. Put the revealed Victory cards into your hand. Put the other cards on top of your deck in any order.,+1,+0-4,,,,,,,
58,58,Secret Passage,"Intrigue, 2E",Kingdom,Action,$4,+2 Cards+1 ActionTake a card from your hand and put it anywhere in your deck.,+1,"+2,-1",,,,,,,
59,59,Courtier,"Intrigue, 2E",Kingdom,Action,$5,"Reveal a card from your hand. For each type it has (Action, Attack, etc.), choose one: +1 Action; or +1 Buy; or +$3; or gain a Gold. The choices must be different.",+1?,,+1?,+$3?,,,,1?,
60,60,Duke,Intrigue,Kingdom,Victory,$5,Worth 1VP per Duchy you have.,,,,,,,,,XVP
61,61,Minion,Intrigue,Kingdom,Action - Attack,$5,"+1 ActionChoose one: +$2; or discard your hand, +4 Cards, and each other player with at least 5 cards in hand discards their hand and draws 4 cards.",+1,"-X?,+4?",,+$2?,,,,,
62,62,Patrol,"Intrigue, 2E",Kingdom,Action,$5,+3 CardsReveal the top 4 cards of your deck. Put the Victory cards and Curses into your hand. Put the rest back in any order.,,+3-7,,,,,,,
63,63,Replace,"Intrigue, 2E",Kingdom,Action - Attack,$5,"Trash a card from your hand. Gain a card costing up to $2 more than it. If the gained card is an Action or Treasure, put it onto your deck; if it's a Victory card, each other player gains a Curse.",,,,,1,,1?,1,
64,64,Saboteur,"Intrigue, 1E",Kingdom,Action - Attack,$5,Each other player reveals cards from the top of his deck until revealing one costing $3 or more. He trashes that card and may gain a card costing at most $2 less than it. He discards the other revealed cards.,,,,,,,,,
65,65,Torturer,Intrigue,Kingdom,Action - Attack,$5,"+3 CardsEach other player either discards 2 cards or gains a Curse to their hand, their choice. (They may pick an option they can't do.)",,+3,,,,,1?,,
66,66,Trading Post,Intrigue,Kingdom,Action,$5,"Trash 2 cards from your hand. If you did, gain a Silver to your hand.",,,,,2,,,1,
67,67,Tribute,"Intrigue, 1E",Kingdom,Action,$5,"The player to your left reveals then discards the top 2 cards of his deck. For each differently named card revealed, if it is an…Action Card, +2 ActionsTreasure Card, +$2Victory Card, +2 Cards.",+2Z?,+2Y?,,+$x?,,,,,
68,68,Upgrade,Intrigue,Kingdom,Action,$5,+1 Card+1 ActionTrash a card from your hand. Gain a card costing exactly $1 more than it.,+1,+1,,,1,,,1,
69,69,Harem,Intrigue,Kingdom,Treasure - Victory,$6,$22VP,,,,+$2,,,,,2VP
70,70,Nobles,Intrigue,Kingdom,Action - Victory,$6,Choose one: +3 Cards; or +2 Actions.2VP,+2?,+3?,,,,,,,2VP
71,71,Embargo,Seaside,Kingdom,Action,$2,"+$2Trash this to add an Embargo token to a Supply pile. (For the rest of the game, when a player buys a card from that pile, they gain a Curse.)",,,,+$2,Self,,?,,
72,72,Haven,Seaside,Kingdom,Action - Duration,$2,"+1 Card+1 ActionSet aside a card from your hand face down (under this). At the start of your next turn, put it into your hand.",+1,"+1, -1, N+1",,,,,,,
73,73,Lighthouse,Seaside,Kingdom,Action - Duration,$2,"+1 ActionNow and at the start of your next turn: +$1.While you have this in play, when another player plays an Attack card, it doesn’t affect you.",+1,,,"+$1, N +$1",,,,,
74,74,Native Village,Seaside,Kingdom,Action,$2,+2 ActionsChoose one: Put the top card of your deck face down on your Native Village mat (you may look at those cards at any time); or put all the cards from your mat into your hand.,+2,+X?,,,,,,,
75,75,Pearl Diver,Seaside,Kingdom,Action,$2,+1 Card+1 ActionLook at the bottom card of your deck. You may put it on top.,+1,+1,,,,,,,
76,76,Ambassador,Seaside,Kingdom,Action - Attack,$3,Reveal a card from your hand. Return up to 2 copies of it from your hand to the Supply. Then each other player gains a copy of it.,,,,,2?,,1,,
77,77,Fishing Village,Seaside,Kingdom,Action - Duration,$3,+2 Actions+$1At the start of your next turn: +1 Action and +$1.,"+2, N +1",,,"+$1, N +$1",,,,,
78,78,Lookout,Seaside,Kingdom,Action,$3,+1 ActionLook at the top 3 cards of your deck. Trash one of them. Discard one of them. Put the other one back on top of your deck.,+1,,,,1,,,,
79,79,Smugglers,Seaside,Kingdom,Action,$3,Gain a copy of a card costing up to $6 that the player to your right gained on their last turn.,,,,,,,,1,
80,80,Warehouse,Seaside,Kingdom,Action,$3,+3 Cards+1 ActionDiscard 3 cards.,+1,"+3,-3",,,,,,,
81,81,Caravan,Seaside,Kingdom,Action - Duration,$4,"+1 Card+1 ActionAt the start of your next turn, +1 Card.",+1,"+1, N+1",,,,,,,
82,82,Cutpurse,Seaside,Kingdom,Action - Attack,$4,+$2Each other player discards a Copper (or reveals a hand with no Copper).,,,,+$2,,,,,
83,83,Island,Seaside,Kingdom,Action - Victory,$4,Put this and a card from your hand onto your Island mat.2VP,,,,,"1,Self",,,,2VP
84,84,Navigator,Seaside,Kingdom,Action,$4,"+$2Look at the top 5 cards of your deck. Either discard them all, or put them back in any order.",,,,+$2,,,,,
85,85,Pirate Ship,Seaside,Kingdom,Action - Attack,$4,"Choose one: +$1 per Coin token on your Pirate Ship mat; or each other player reveals the top 2 cards of their deck, trashes one of those Treasures that you choose, and discards the rest, and then if anyone trashed a Treasure you add a Coin token to your Pirate Ship mat.",,,,+$x?,,,,,
86,86,Salvager,Seaside,Kingdom,Action,$4,+1 BuyTrash a card from your hand. +$1 per $1 it costs.,,,+1,+$x,1,,,,
87,87,Sea Hag,Seaside,Kingdom,Action - Attack,$4,"Each other player discards the top card of their deck, then gains a Curse onto their deck.",,,,,,,1,,
88,88,Treasure Map,Seaside,Kingdom,Action,$4,"Trash this and a Treasure Map from your hand. If you trashed two Treasure Maps, gain 4 Golds onto your deck.",,,,,"1, Self",,,4?,
89,89,Bazaar,Seaside,Kingdom,Action,$5,+1 Card+2 Actions+$1,+2,+1,,+$1,,,,,
90,90,Explorer,Seaside,Kingdom,Action,$5,"You may reveal a Province from your hand. If you do, gain a Gold to your hand. If you don't, gain a Silver to your hand.",,,,,,,,1,
91,91,Ghost Ship,Seaside,Kingdom,Action - Attack,$5,+2 CardsEach other player with 4 or more cards in hand puts cards from their hand onto their deck until they have 3 cards in hand.,,+2,,,,,,,
92,92,Merchant Ship,Seaside,Kingdom,Action - Duration,$5,Now and at the start of your next turn: +$2.,,,,"+$2, N +$2",,,,,
93,93,Outpost,Seaside,Kingdom,Action - Duration,$5,"If this is the first time you played an Outpost this turn, and the previous turn wasn't yours, then take an extra turn after this one, and you only draw 3 cards for your next hand.",,,,,,,,,
94,94,Tactician,Seaside,Kingdom,Action - Duration,$5,"If you have at least one card in hand, discard your hand, and at the start of your next turn, +5 Cards, +1 Action, and +1 Buy.",N +1?,"-X, N +5?",N +1?,,,,,,
95,95,Treasury,Seaside,Kingdom,Action,$5,"+1 Card+1 Action+$1When you discard this from play, if you didn’t buy a Victory card this turn, you may put this onto your deck.",+1,+1,,+$1,,,,,
96,96,Wharf,Seaside,Kingdom,Action - Duration,$5,Now and at the start of your next turn: +2 Cards and +1 Buy.,,"+2, N +2","+1, N+1",,,,,,
97,97,Transmute,Alchemy,Kingdom,Action,P,"Trash a card from your hand. If it is an…Action card, gain a DuchyTreasure card, gain a TransmuteVictory card, gain a Gold",,,,,1,,,1,
98,98,Vineyard,Alchemy,Kingdom,Victory,P,Worth 1VP per 3 Action cards you have (round down).,,,,,,,,,XVP
99,99,Herbalist,Alchemy,Kingdom,Action,$2,"+1 Buy+$1When you discard this from play, you may put one of your Treasures from play onto your deck.",,,+1,+$1,,,,,
100,100,Apothecary,Alchemy,Kingdom,Action,$2P,+1 Card+1 ActionReveal the top 4 cards of your deck. Put the Coppers and Potions into your hand. Put the rest back in any order.,+1,+1-5,,,,,,,
101,101,Scrying Pool,Alchemy,Kingdom,Action - Attack,$2P,"+1 ActionEach player (including you) reveals the top card of their deck and either discards it or puts it back, your choice. Then reveal cards from your deck until revealing one that isn’t an Action. Put all of those revealed cards into your hand.",+1,+X,,,,,,,
102,102,University,Alchemy,Kingdom,Action,$2P,+2 ActionsYou may gain an Action card costing up to $5.,+2,,,,,,,1,
103,103,Alchemist,Alchemy,Kingdom,Action,$3P,"+2 Cards+1 ActionWhen you discard this from play, if you have a Potion in play, you may put this onto your deck.",+1,+2,,,,,,,
104,104,Familiar,Alchemy,Kingdom,Action - Attack,$3P,+1 Card+1 ActionEach other player gains a Curse.,+1,+1,,,,,1,,
105,105,Philosopher's Stone,Alchemy,Kingdom,Treasure,$3P,"When you play this, count your deck and discard pile. Worth $1 per 5 cards total between them (round down).",,,,+$x,,,,,
106,106,Golem,Alchemy,Kingdom,Action,$4P,"Reveal cards from your deck until you reveal 2 Action cards other than Golems. Discard the other cards, then play the Action cards in either order.",,,,,,,,,
107,107,Apprentice,Alchemy,Kingdom,Action,$5,+1 ActionTrash a card from your hand. +1 Card per $1 it costs. +2 Cards if it has P in its cost.,+1,+X,,,1,,,,
108,108,Possession,Alchemy,Kingdom,Action,$6P,"The player to your left takes an extra turn after this one, in which you can see all cards they can and make all decisions for them. Any cards or <Debt> they would gain on that turn, you gain instead; any cards of theirs that are trashed are set aside and put in their discard pile at end of turn.",,,,,,,,X,
109,109,Potion,Alchemy,Basic,Treasure,$4,P,,,,+P,,,,,
110,110,Loan,Prosperity,Kingdom,Treasure,$3,$1Reveal cards from your deck until you reveal a Treasure. Discard it or trash it. Discard the other cards.,,,,+$1,1?,,,,
111,111,Trade Route,Prosperity,Kingdom,Action,$3,+1 BuyTrash a card from your hand. +$1 per Coin token on the Trade Route mat.Setup: Add a Coin token to each Victory Supply pile; move that token to the Trade Route mat when a card is gained from that pile.,,,+1,+$x,1,,,,
112,112,Watchtower,Prosperity,Kingdom,Action - Reaction,$3,"Draw until you have 6 cards in hand.When you gain a card, you may reveal this from your hand, to either trash that card or put it onto your deck.",,+X,,,,,,,
113,113,Bishop,Prosperity,Kingdom,Action,$4,+$1+1VPTrash a card from your hand. +1VP per $2 it costs (round down). Each other player may trash a card from their hand.,,,,+$1,1,,,,+XVP
114,114,Monument,Prosperity,Kingdom,Action,$4,+$2+1VP,,,,+$2,,,,,+1VP
115,115,Quarry,Prosperity,Kingdom,Treasure,$4,"$1While this is in play, Action cards cost $2 less.",,,,+$1,,,,,
116,116,Talisman,Prosperity,Kingdom,Treasure,$4,"$1While you have this in play, when you buy a non-Victory card costing $4 or less, gain a copy of it.",,,,+$1,,,,1?,
117,117,Worker's Village,Prosperity,Kingdom,Action,$4,+1 Card+2 Actions+1 Buy,+2,+1,+1,,,,,,
118,118,City,Prosperity,Kingdom,Action,$5,"+1 Card+2 ActionsIf there are one or more empty Supply piles, +1 Card. If there are two or more, +1 Buy and +$1",+2,+1-2,+1?,+$1?,,,,,
119,119,Contraband,Prosperity,Kingdom,Treasure,$5,$3+1 BuyThe player to your left names a card. You can’t buy that card this turn.,,,+1,+$3,,,,,
120,120,Counting House,Prosperity,Kingdom,Action,$5,"Look through your discard pile, reveal any number of Coppers from it, and put them into your hand.",,+X,,,,,,,
121,121,Mint,Prosperity,Kingdom,Action,$5,"You may reveal a Treasure card from your hand. Gain a copy of it.When you buy this, trash all Treasures you have in play.",,,,,X,,,1,
122,122,Mountebank,Prosperity,Kingdom,Action - Attack,$5,"+$2Each other player may discard a Curse. If they don’t, they gain a Curse and a Copper.",,,,+$2,,,2?,,
123,123,Rabble,Prosperity,Kingdom,Action - Attack,$5,"+3 CardsEach other player reveals the top 3 cards of their deck, discards the revealed Actions and Treasures, and puts the rest back in any order they choose.",,+3,,,,,,,
124,124,Royal Seal,Prosperity,Kingdom,Treasure,$5,"$2While you have this in play, when you gain a card, you may put that card onto your deck.",,,,+$2,,,,,
125,125,Vault,Prosperity,Kingdom,Action,$5,"+2 CardsDiscard any number of cards for +$1 each. Each other player may discard 2 cards, to draw a card.",,"+2,-X",,+$x,,,,,
126,126,Venture,Prosperity,Kingdom,Treasure,$5,$1Reveal cards from your deck until you reveal a Treasure. Discard the other cards. Play that Treasure.,,,,+$1,,,,,
127,127,Goons,Prosperity,Kingdom,Action - Attack,$6,"+1 Buy+$2Each other player discards down to 3 cards in hand.While you have this in play, when you buy a card, +1VP.",,,+1,+$2,,,,,+XVP
128,128,Grand Market,Prosperity,Kingdom,Action,$6star,+1 Card+1 Action+1 Buy+$2.You can’t buy this if you have any Coppers in play.,+1,+1,+1,+$2,,,,,
129,129,Hoard,Prosperity,Kingdom,Treasure,$6,"$2While you have this in play, when you buy a Victory card, gain a Gold.",,,,+$2,,,,X?,
130,130,Bank,Prosperity,Kingdom,Treasure,$7,+$1 per Treasure card you have in play (counting this).,,,,+$x,,,,,
131,131,Expand,Prosperity,Kingdom,Action,$7,Trash a card from your hand. Gain a card costing up to $3 more than it.,,,,,1,,,1,
132,132,Forge,Prosperity,Kingdom,Action,$7,Trash any number of cards from your hand. Gain a card with cost exactly equal to the total cost in $ of the trashed cards.,,,,,X,,,1,
133,133,King's Court,Prosperity,Kingdom,Action,$7,You may play an Action card from your hand three times.,,,,,,,,,
134,134,Peddler,Prosperity,Kingdom,Action,$8star,"+1 Card+1 Action+$1During a player's Buy phase, this costs $2 less per Action card they have in play.",+1,+1,,+$1,,,,,
135,135,Platinum,Prosperity,Basic,Treasure,$9,$5,,,,+$5,,,,,
136,136,Colony,Prosperity,Basic,Victory,$11,10VP,,,,,,,,,10VP
137,137,Hamlet,Cornucopia,Kingdom,Action,$2,+1 Card+1 ActionYou may discard a card for +1 Action. You may discard a card for +1 Buy.,+1-2,"+1, -2?",+1?,,,,,,
138,138,Fortune Teller,Cornucopia,Kingdom,Action - Attack,$3,+$2Each other player reveals cards from the top of their deck until they reveal a Victory card or a Curse. They put it on top and discard the rest.,,,,+$2,,,,,
139,139,Menagerie,Cornucopia,Kingdom,Action,$3,"+1 ActionReveal your hand. If the revealed cards all have different names, +3 Cards. Otherwise, +1 Card.",+1,"+1, +2?",,,,,,,
140,140,Farming Village,Cornucopia,Kingdom,Action,$4,+2 ActionsReveal cards from your deck until you reveal a Treasure or Action card. Put that card into your hand and discard the rest.,+2,+1,,,,,,,
141,141,Horse Traders,Cornucopia,Kingdom,Action - Reaction,$4,"+1 Buy+$3Discard 2 cards.When another player plays an Attack card, you may first set this aside from your hand. If you do, then at the start of your next turn, +1 Card and return this to your hand.",,-2,+1,+$3,,,,,
142,142,Remake,Cornucopia,Kingdom,Action,$4,"Do this twice: Trash a card from your hand, then gain a card costing exactly $1 more than it.",,,,,2,,,2,
143,143,Tournament,Cornucopia,Kingdom,Action,$4,"+1 ActionEach player may reveal a Province from their hand. If you do, discard it and gain any Prize (from the Prize pile) or a Duchy, onto your deck. If no-one else does, +1 Card and +$1.",+1,+1?,,+$1?,,,,1?,
144,144,Young Witch,Cornucopia,Kingdom,Action - Attack,$4,"+2 CardsDiscard 2 cards. Each other player may reveal a Bane card from their hand; if they don’t, they gain a Curse.Setup: Add an extra Kingdom card pile costing $2 or $3 to the Supply. Cards from that pile are Bane cards.",,"+2, -2",,,,,1?,,
145,145,Harvest,Cornucopia,Kingdom,Action,$5,"Reveal the top 4 cards of your deck, then discard them. +$1 per differently named card revealed.",,,,+$x,,,,,
146,146,Horn of Plenty,Cornucopia,Kingdom,Treasure,$5,"When you play this, gain a card costing up to $1 per differently named card you have in play (counting this). If it’s a Victory card, trash this.",,,,,Self?,,,1,
147,147,Hunting Party,Cornucopia,Kingdom,Action,$5,+1 Card+1 ActionReveal your hand. Reveal cards from your deck until you reveal one that isn’t a copy of one in your hand. Put it into your hand and discard the rest.,+1,+2,,,,,,,
148,148,Jester,Cornucopia,Kingdom,Action - Attack,$5,"+$2Each other player discards the top card of their deck. If it’s a Victory card they gain a Curse; otherwise they gain a copy of the discarded card or you do, your choice.",,,,+$2,,1?,1?,,
149,149,Fairgrounds,Cornucopia,Kingdom,Victory,$6,Worth 2VP per 5 differently named cards you have (round down).,,,,,,,,,XVP
150,150,Bag of Gold,Cornucopia,Kingdom,Action - Prize,$0star,+1 ActionGain a Gold onto your deck.(This is not in the Supply.),+1,,,,,,,1,
151,151,Diadem,Cornucopia,Kingdom,Treasure - Prize,$0star,"$2When you play this, +$1 per unused Action you have (Action, not Action card).(This is not in the Supply.)",,,,+$x,,,,,
152,152,Followers,Cornucopia,Kingdom,Action - Attack - Prize,$0star,+2 CardsGain an Estate. Each other player gains a Curse and discards down to 3 cards in hand.(This is not in the Supply.),,+2,,,,,1,1,
153,153,Princess,Cornucopia,Kingdom,Action - Prize,$0star,"+1 BuyWhile this is in play, cards cost $2 less, but not less than $0.(This is not in the Supply.)",,,+1,,,,,,
154,154,Trusty Steed,Cornucopia,Kingdom,Action - Prize,$0star,Choose two: +2 Cards; or +2 Actions; or +$2; or gain 4 Silvers and put your deck into your discard pile. The choices must be different.(This is not in the Supply.),+2?,+2?,,+$2?,,,,4?,
155,155,Crossroads,Hinterlands,Kingdom,Action,$2,"Reveal your hand. +1 Card per Victory card revealed. If this is the first time you played a Crossroads this turn, +3 Actions.",+3?,+X,,,,,,,
156,156,Duchess,Hinterlands,Kingdom,Action,$2,"+$2. Each player (including you) looks at the top card of their deck and may discard it.In games using this, when you gain a Duchy, you may gain a Duchess.",,,,+$2,,,,,
157,157,Fool's Gold,Hinterlands,Kingdom,Treasure - Reaction,$2,"If this is the first time you played a Fool's Gold this turn, +$1, otherwise +$4.When another player gains a Province, you may trash this from your hand, to gain a Gold onto your deck.",,,,"+$1, +$3?",,,,,
158,158,Develop,Hinterlands,Kingdom,Action,$3,"Trash a card from your hand. Gain two cards onto your deck, with one costing exactly $1 more than it, and one costing exactly $1 less than it, in either order.",,,,,1,,,2,
159,159,Oasis,Hinterlands,Kingdom,Action,$3,+1 Card+1 Action+$1Discard a card.,+1,"+1,-1",,+$1,,,,,
160,160,Oracle,Hinterlands,Kingdom,Action - Attack,$3,"Each player (including you) reveals the top 2 cards of their deck, and discards them or puts them back, your choice (they choose the order). Then, +2 Cards.",,+2,,,,,,,
161,161,Scheme,Hinterlands,Kingdom,Action,$3,"+1 Card+1 ActionThis turn, you may put one of your Action cards onto your deck when you discard it from play.",+1,+1,,,,,,,
162,162,Tunnel,Hinterlands,Kingdom,Victory - Reaction,$3,"2VPWhen you discard this other than during Clean-up, you may reveal it to gain a Gold.",,,,,,,,1?,2VP
163,163,Jack of All Trades,Hinterlands,Kingdom,Action,$4,Gain a Silver. Look at the top card of your deck; you may discard it. Draw until you have 5 cards in hand. You may trash a non-Treasure card from your hand.,,+X,,,1?,,,1,
164,164,Noble Brigand,Hinterlands,Kingdom,Action - Attack,$4,"+$1Each other player reveals the top 2 cards of their deck, trashes a revealed Silver or Gold you choose, discards the rest, and gains a Copper if they didn't reveal a Treasure. You gain the trashed cards.When you buy this, do its attack.",,,,+$1,,,1?,X,
165,165,Nomad Camp,Hinterlands,Kingdom,Action,$4,+1 Buy+$2This is gained onto your deck (instead of to your discard pile).,,,+1,+$2,,,,,
166,166,Silk Road,Hinterlands,Kingdom,Victory,$4,Worth 1VP for every 4 Victory cards you have (round down).,,,,,,,,,XVP
167,167,Spice Merchant,Hinterlands,Kingdom,Action,$4,You may trash a Treasure from your hand to choose one: +2 Cards and +1 Action; or +1 Buy and +$2.,+1?,+2?,+1?,+$2?,1?,,,,
168,168,Trader,Hinterlands,Kingdom,Action - Reaction,$4,"Trash a card from your hand. Gain a Silver per $1 it costs.When you gain a card, you may reveal this from your hand, to exchange the card for a Silver.",,,,,1,,,X,
169,169,Cache,Hinterlands,Kingdom,Treasure,$5,"$3When you gain this, gain 2 Coppers.",,,,+$3,,,,,
170,170,Cartographer,Hinterlands,Kingdom,Action,$5,"+1 Card+1 ActionLook at the top 4 cards of your deck. Discard any number of them, then put the rest back in any order.",+1,+1,,,,,,,
171,171,Embassy,Hinterlands,Kingdom,Action,$5,"+5 CardsDiscard 3 cards.When you gain this, each other player gains a Silver.",,"+5,-3",,,,,,,
172,172,Haggler,Hinterlands,Kingdom,Action,$5,"+$2While you have this in play, when you buy a card, gain a cheaper non-Victory card.",,,,+$2,,,,X,
173,173,Highway,Hinterlands,Kingdom,Action,$5,"+1 Card+1 ActionWhile this is in play, cards cost $1 less.",+1,+1,,,,,,,
174,174,Ill-Gotten Gains,Hinterlands,Kingdom,Treasure,$5,"$1You may gain a Copper to your hand.When you gain this, each other player gains a Curse.",,,,+$1,,,,1?,
175,175,Inn,Hinterlands,Kingdom,Action,$5,"+2 Cards+2 ActionsDiscard 2 cards.When you gain this, look through your discard pile, reveal any number of Action cards from it (which can include this), and shuffle them into your deck.",+2,"+2,-2",,,,,,,
176,176,Mandarin,Hinterlands,Kingdom,Action,$5,"+$3Put a card from your hand onto your deck.When you gain this, put all Treasures you have in play onto your deck in any order.",,-1,,+$3,,,,,
177,177,Margrave,Hinterlands,Kingdom,Action - Attack,$5,"+3 Cards+1 BuyEach other player draws a card, then discards down to 3 cards in hand.",,+3,+1,,,,,,
178,178,Stables,Hinterlands,Kingdom,Action,$5,"You may discard a Treasure, for +3 Cards and +1 Action.",+1,"-1?,+3?",,,,,,,
179,179,Border Village,Hinterlands,Kingdom,Action,$6,"+1 Card+2 ActionsWhen you gain this, gain a cheaper card.",+2,+1,,,,,,,
180,180,Farmland,Hinterlands,Kingdom,Victory,$6,"2VPWhen you buy this, trash a card from your hand and gain a card costing exactly $2 more than it.",,,,,,,,,2VP
181,181,Poor House,Dark Ages,Kingdom,Action,$1,+$4Reveal your hand. –$1 per Treasure card in your hand. (You can't go below $0.),,,,"+$4, -$x",,,,,
182,182,Beggar,Dark Ages,Kingdom,Action - Reaction,$2,"Gain 3 Coppers to your hand.When another player plays an Attack card, you may first discard this to gain 2 Silvers, putting one onto your deck.",,,,,,,,3,
183,183,Squire,Dark Ages,Kingdom,Action,$2,"+$1Choose one: +2 Actions; or +2 Buys; or gain a Silver.When you trash this, gain an Attack card.",+2?,,+2?,+$1,,,,1?,
184,184,Vagrant,Dark Ages,Kingdom,Action,$2,"+1 Card+1 ActionReveal the top card of your deck. If it’s a Curse, Ruins, Shelter, or Victory card, put it into your hand.",+1,"+1, +1?",,,,,,,
185,185,Forager,Dark Ages,Kingdom,Action,$3,"+1 Action+1 BuyTrash a card from your hand, then +$1 per differently named Treasure in the trash.",+1,,+1,+$x,1,,,,
186,186,Hermit,Dark Ages,Kingdom,Action,$3,"Look through your discard pile. You may trash a non-Treasure card from your discard pile or hand. Gain a card costing up to $3.When you discard this from play, if you didn’t buy any cards this turn, trash this and gain a Madman from the Madman pile.",,,,,"1?, Self?",,,"1, 1?",
187,187,Market Square,Dark Ages,Kingdom,Action - Reaction,$3,"+1 Card+1 Action+1 BuyWhen one of your cards is trashed, you may discard this from your hand to gain a Gold.",+1,+1,+1,,,,,,
188,188,Sage,Dark Ages,Kingdom,Action,$3,+1 ActionReveal cards from the top of your deck until you reveal one costing $3 or more. Put that card into your hand and discard the rest.,+1,,+1,,,,,,
189,189,Storeroom,Dark Ages,Kingdom,Action,$3,"+1 BuyDiscard any number of cards, then draw that many. Then discard any number of cards for +$1 each.",,"-Y,+Y, -X",+1,+$x,,,,,
190,190,Urchin,Dark Ages,Kingdom,Action - Attack,$3,"+1 Card+1 ActionEach other player discards down to 4 cards in hand.When you play another Attack card with this in play, you may first trash this, to gain a Mercenary from the Mercenary pile.",+1,+1,,,Self?,,,1?,
191,191,Armory,Dark Ages,Kingdom,Action,$4,Gain a card onto your deck costing up to $4.,,,,,,,,1,
192,192,Death Cart,Dark Ages,Kingdom,Action - Looter,$4,"You may trash this or an Action card from your hand, for +$5.When you gain this, gain 2 Ruins.",,,,+$5,"1?, Self?",,,,
193,193,Feodum,Dark Ages,Kingdom,Victory,$4,"Worth 1VP per 3 Silvers you have (round down).When you trash this, gain 3 Silvers.",,,,,,,,,XVP
194,194,Fortress,Dark Ages,Kingdom,Action,$4,"+1 Card+2 ActionsWhen you trash this, put it into your hand.",+2,+1,,,,,,,
195,195,Ironmonger,Dark Ages,Kingdom,Action,$4,"+1 Card+1 ActionReveal the top card of your deck; you may discard it. Either way, if it is an…Action card, +1 ActionTreasure card, +$1Victory card, +1 Card","+1, +1?","+1, +1?",,+$1?,,,,,
196,196,Marauder,Dark Ages,Kingdom,Action - Attack - Looter,$4,Gain a Spoils from the Spoils pile. Each other player gains a Ruins.,,,,,,,1,1,
197,197,Procession,Dark Ages,Kingdom,Action,$4,You may play a non-Duration Action card from your hand twice. Trash it. Gain an Action card costing exactly $1 more than it.,,,,,1,,,1,
198,198,Rats,Dark Ages,Kingdom,Action,$4,"+1 Card+1 ActionGain a Rats. Trash a card from your hand other than a Rats (or reveal a hand of all Rats).When you trash this, +1 Card.",+1,+1,,,1,,,1,
199,199,Scavenger,Dark Ages,Kingdom,Action,$4,+$2You may put your deck into your discard pile. Look through your discard pile and put one card from it onto your deck.,,,,+$2,,,,,
200,200,Wandering Minstrel,Dark Ages,Kingdom,Action,$4,+1 Card+2 ActionsReveal the top 3 cards of your deck. Put the Action cards back in any order and discard the rest.,+2,+1,,,,,,,
201,201,Band of Misfits,Dark Ages,Kingdom,Action - Command,$5,"Play a non-Command Action card from the Supply that costs less than this, leaving it there.",,,,,,,,,
202,202,Bandit Camp,Dark Ages,Kingdom,Action,$5,+1 Card+2 ActionsGain a Spoils from the Spoils pile.,+2,+1,,,,,,1,
203,203,Catacombs,Dark Ages,Kingdom,Action,$5,"Look at the top 3 cards of your deck. Choose one: Put them into your hand; or discard them and +3 Cards.When you trash this, gain a cheaper card.",,+3,,,,,,,
204,204,Count,Dark Ages,Kingdom,Action,$5,Choose one: Discard 2 cards; or put a card from your hand onto your deck; or gain a Copper.Choose one: +$3; or trash your hand; or gain a Duchy.,,"-1?, -2?",,+$3?,X?,,,"1?, 1?",
205,205,Counterfeit,Dark Ages,Kingdom,Treasure,$5,"$1+1 BuyWhen you play this, you may play a Treasure from your hand twice. If you do, trash that Treasure.",,,+1,+$1,1?,,,,
206,206,Cultist,Dark Ages,Kingdom,Action - Attack - Looter,$5,"+2 Cards. Each other player gains a Ruins. You may play a Cultist from your hand.When you trash this, +3 Cards.",,+2,,,,,1,,
207,207,Graverobber,Dark Ages,Kingdom,Action,$5,"Choose one: Gain a card from the trash costing from $3 to $6, onto your deck; or trash an Action card from your hand and gain a card costing up to $3 more than it.",,,,,1?,,,1,
208,208,Junk Dealer,Dark Ages,Kingdom,Action,$5,+1 Card+1 Action+$1.Trash a card from your hand.,+1,+1,,+$1,1,,,,
209,209,Mystic,Dark Ages,Kingdom,Action,$5,"+1 Action+$2Name a card, then reveal the top card of your deck. If you named it, put it into your hand.",+1,1?,,+$2,,,,,
210,210,Pillage,Dark Ages,Kingdom,Action - Attack,$5,"Trash this. If you did, gain 2 Spoils, and each other player with 5 or more cards in hand reveals their hand and discards a card that you choose.",,,,,Self,,,2,
211,211,Rebuild,Dark Ages,Kingdom,Action,$5,"+1 Action Name a card. Reveal cards from your deck until you reveal a Victory card you did not name. Discard the rest, trash the Victory card, and gain a Victory card costing up to $3 more than it.",+1,,,,1?,,,1?,
212,212,Rogue,Dark Ages,Kingdom,Action - Attack,$5,"+$2If there are any cards in the trash costing from $3 to $6, gain one of them. Otherwise, each other player reveals the top 2 cards of their deck, trashes one of them costing from $3 to $6, and discards the rest.",,,,+$2,,,,1?,
213,213,Altar,Dark Ages,Kingdom,Action,$6,Trash a card from your hand. Gain a card costing up to $5.,,,,,1,,,1,
214,214,Hunting Grounds,Dark Ages,Kingdom,Action,$6,"+4 CardsWhen you trash this, gain a Duchy or 3 Estates.",,+3,,,,,,,
215,215,Abandoned Mine,Dark Ages,Kingdom,Action - Ruins,$0,+$1,,,,+$1,,,,,
216,216,Ruined Library,Dark Ages,Kingdom,Action - Ruins,$0,+1 Card,,+1,,,,,,,
217,217,Ruined Market,Dark Ages,Kingdom,Action - Ruins,$0,+1 Buy,,,+1,,,,,,
218,218,Ruined Village,Dark Ages,Kingdom,Action - Ruins,$0,+1 Action,+1,,,,,,,,
219,219,Survivors,Dark Ages,Kingdom,Action - Ruins,$0,Look at the top 2 cards of your deck. Discard them or put them back in any order.,,,,,,,,,
220,220,Dame Anna,Dark Ages,Kingdom,Action - Attack - Knight,$5,"You may trash up to 2 cards from your hand. Each other player reveals the top 2 cards of their deck, trashes one of them costing from $3 to $6, and discards the rest. If a Knight is trashed by this, trash this.",,,,,"2?, Self?",,,,
221,221,Dame Josephine,Dark Ages,Kingdom,Action - Attack - Victory - Knight,$5,"Each other player reveals the top 2 cards of their deck, trashes one of them costing from $3 to $6, and discards the rest. If a Knight is trashed by this, trash this.2VP",,,,,Self?,,,,2VP
222,222,Dame Molly,Dark Ages,Kingdom,Action - Attack - Knight,$5,"+2 ActionsEach other player discards the top 2 cards of their deck, and trashes one of them costing from $3 to $6. If a Knight is trashed by this, trash this.",+2,,,,Self?,,,,
223,223,Dame Natalie,Dark Ages,Kingdom,Action - Attack - Knight,$5,"You may gain a card costing up to $3. Each other player reveals the top 2 cards of their deck, trashes one of them costing from $3 to $6, and discards the rest. If a Knight is trashed by this, trash this.",,,,,Self?,,,1?,
224,224,Dame Sylvia,Dark Ages,Kingdom,Action - Attack - Knight,$5,"+$2Each other player reveals the top 2 cards of their deck, trashes one of them costing from $3 to $6, and discards the rest. If a Knight is trashed by this, trash this.",,,,+$2,Self?,,,,
225,225,Sir Bailey,Dark Ages,Kingdom,Action - Attack - Knight,$5,"+1 Card+1 ActionEach other player reveals the top 2 cards of their deck, trashes one of them costing from $3 to $6, and discards the rest. If a Knight is trashed by this, trash this.",+1,+1,,,Self?,,,,
226,226,Sir Destry,Dark Ages,Kingdom,Action - Attack - Knight,$5,"+2 CardsEach other player reveals the top 2 cards of their deck, trashes one of them costing from $3 to $6, and discards the rest. If a Knight is trashed by this, trash this.",,+2,,,Self?,,,,
227,227,Sir Martin,Dark Ages,Kingdom,Action - Attack - Knight,$4,"+2 BuysEach other player reveals the top 2 cards of their deck, trashes one of them costing from $3 to $6, and discards the rest. If a Knight is trashed by this, trash this.",,,+2,,Self?,,,,
228,228,Sir Michael,Dark Ages,Kingdom,Action - Attack - Knight,$5,"Each other player discards down to 3 cards in hand. Each other player reveals the top 2 cards of their deck, trashes one of them costing from $3 to $6, and discards the rest. If a Knight is trashed by this, trash this.",,,,,Self?,,,,
229,229,Sir Vander,Dark Ages,Kingdom,Action - Attack - Knight,$5,"Each other player reveals the top 2 cards of their deck, trashes one of them costing from $3 to $6, and discards the rest. If a Knight is trashed by this, trash this.When you trash this, gain a Gold.",,,,,Self?,,,,
230,230,Madman,Dark Ages,Kingdom,Action,$0star,"+2 ActionsReturn this to the Madman pile. If you do, +1 Card per card in your hand.(This is not in the Supply.)",+2,+X,,,Self,,,,
231,231,Mercenary,Dark Ages,Kingdom,Action - Attack,$0star,"You may trash 2 cards from your hand. If you did, +2 Cards, + $2, and each other player discards down to 3 cards in hand.(This is not in the Supply.)",,+2?,,+$2?,2?,,,,
232,232,Spoils,Dark Ages,Kingdom,Treasure,$0star,"$3When you play this, return it to the Spoils pile.(This is not in the Supply.)",,,,+$3,Self,,,,
233,233,Hovel,Dark Ages,Kingdom,Reaction - Shelter,$1,"When you buy a Victory card, you may trash this from your hand.",,,,,,,,,
234,234,Necropolis,Dark Ages,Kingdom,Action - Shelter,$1,+2 Actions,+2,,,,,,,,
235,235,Overgrown Estate,Dark Ages,Kingdom,Victory - Shelter,$1,"0VPWhen you trash this, +1 Card.",,,,,,,,,
236,236,Candlestick Maker,Guilds,Kingdom,Action,$2,+1 Action+1 Buy+1 Coffers,+1,,+1,+1,,,,,
237,237,Stonemason,Guilds,Kingdom,Action,$2plus,"Trash a card from your hand. Gain 2 cards each costing less than it.When you buy this, you may overpay for it. If you do, gain 2 Action cards each costing the amount you overpaid.",,,,,1,,,2,
238,238,Doctor,Guilds,Kingdom,Action,$3plus,"Name a card. Reveal the top 3 cards of your deck. Trash the matches. Put the rest back in any order.When you buy this, you may overpay for it. For each $1 you overpaid, look at the top card of your deck; trash it, discard it, or put it back.",,,,,0-3,,,,
239,239,Masterpiece,Guilds,Kingdom,Treasure,$3plus,"$1When you buy this, you may overpay for it. For each $1 you overpaid, gain a Silver.",,,,+$1,,,,,
240,240,Advisor,Guilds,Kingdom,Action,$4,+1 ActionReveal the top 3 cards of your deck. The player to your left chooses one of them. Discard that card and put the rest into your hand.,+1,+2,,,,,,,
241,241,Herald,Guilds,Kingdom,Action,$4plus,"+1 Card+1 ActionReveal the top card of your deck. If it's an Action, play it.When you buy this, you may overpay for it. For each $1 you overpaid, look through your discard pile and put a card from it onto your deck.","+1, +1?","+1, +1?",,,,,,,
242,242,Plaza,Guilds,Kingdom,Action,$4,+1 Card+2 ActionsYou may discard a Treasure for +1 Coffers.,+2,"+1, -1?",,+1?,,,,,
243,243,Taxman,Guilds,Kingdom,Action - Attack,$4,You may trash a Treasure from your hand. Each other player with 5 or more cards in hand discards a copy of it (or reveals they can't). Gain a Treasure onto your deck costing up to $3 more than it.,,,,,1?,,,1?,
244,244,Baker,Guilds,Kingdom,Action,$5,+1 Card+1 Action+1 CoffersSetup: Each player gets +1 Coffers.,+1,+1,,+1,,,,,
245,245,Butcher,Guilds,Kingdom,Action,$5,"+2 CoffersYou may trash a card from your hand. If you do, remove any number of tokens from your Coffers and gain a card, costing up to the cost of the trashed card plus $1 per token removed.",,,,+2,1?,,1?,,
246,246,Journeyman,Guilds,Kingdom,Action,$5,Name a card. Reveal cards from your deck until you reveal 3 cards without that name. Put those cards into your hand and discard the rest.,,+3,,,,,,,
247,247,Merchant Guild,Guilds,Kingdom,Action,$5,"+1 Buy+$1While this is in play, when you buy a card, +1 Coffers.",,,+1,"+1,+X",,,,,
248,248,Soothsayer,Guilds,Kingdom,Action - Attack,$5,"Gain a Gold. Each other player gains a Curse, and if they did, draws a card.",,,,,,,1,1,
249,249,Coin of the Realm,Adventures,Kingdom,Treasure - Reserve,$2,"$1When you play this, put it on your Tavern mat.Directly after you finish playing an Action card, you may call this, for +2 Actions.",+2?,,,+$1,,,,,
250,250,Page,Adventures,Kingdom,Action - Traveller,$2,"+1 Card+1 ActionWhen you discard this from play, you may exchange it for a Treasure Hunter.",+1,+1,,,,,,,
251,251,Peasant,Adventures,Kingdom,Action - Traveller,$2,"+1 Buy+$1When you discard this from play, you may exchange it for a Soldier.",,,+1,+$1,,,,,
252,252,Ratcatcher,Adventures,Kingdom,Action - Reserve,$2,"+1 Card+1 ActionPut this on your Tavern mat.At the start of your turn, you may call this, to trash a card from your hand.",+1,+1,,,1,,,,
253,253,Raze,Adventures,Kingdom,Action,$2,+1 ActionTrash this or a card from your hand. Look at one card from the top of your deck per $1 the trashed card costs. Put one of them into your hand and discard the rest.,+1,+1?,,,"1?, Self?",,,,
254,254,Amulet,Adventures,Kingdom,Action - Duration,$3,"Now and at the start of your next turn, choose one: +$1; or trash a card from your hand; or gain a Silver.",,,,"+$1?, N +$1?","1?, N 1?",,,"1?, N 1?",
255,255,Caravan Guard,Adventures,Kingdom,Action - Duration - Reaction,$3,"+1 Card+1 ActionAt the start of your next turn, +$1.When another player plays an Attack card, you may first play this from your hand.(+1 Action has no effect if it's not your turn.)",+1,+1,,N +$1,,,,,
256,256,Dungeon,Adventures,Kingdom,Action - Duration,$3,"+1 ActionNow and at the start of your next turn: +2 Cards, then discard 2 cards.",+1,"+2,-2, N +2, N -1",,,,,,,
257,257,Gear,Adventures,Kingdom,Action - Duration,$3,"+2 CardsSet aside up to 2 cards from your hand face down (under this). At the start of your next turn, put them into your hand.",,"+2, -0-2(X), N +X",,,,,,,
258,258,Guide,Adventures,Kingdom,Action - Reserve,$3,"+1 Card+1 ActionPut this on your Tavern mat.At the start of your turn, you may call this, to discard your hand and draw 5 cards.",+1,"+1, -X?,+5?",,,,,,,
259,259,Duplicate,Adventures,Kingdom,Action - Reserve,$4,"Put this on your Tavern mat.When you gain a card costing up to $6, you may call this, to gain a copy of that card.",,,,,,,,1,
260,260,Magpie,Adventures,Kingdom,Action,$4,"+1 Card+1 ActionReveal the top card of your deck. If it's a Treasure, put it into your hand. If it's an Action or Victory card, gain a Magpie.",+1,"+1, +1?",,,,,,1?,
261,261,Messenger,Adventures,Kingdom,Action,$4,"+1 Buy+$2You may put your deck into your discard pile.When this is your first buy in a turn, gain a card costing up to $4, and each other player gains a copy of it.",,,+1,+$2,,,,,
262,262,Miser,Adventures,Kingdom,Action,$4,Choose one: Put a Copper from your hand onto your Tavern mat; or +$1 per Copper on your Tavern mat.,,,,+$x?,1?,,,,
263,263,Port,Adventures,Kingdom,Action,$4,"+1 Card+2 ActionsWhen you buy this, gain another Port.",+2,+1,,,,,,,
264,264,Ranger,Adventures,Kingdom,Action,$4,"+1 BuyTurn your Journey token over (it starts face up). Then if it's face up, +5 Cards.",,+5?,+1,,,,,,
265,265,Transmogrify,Adventures,Kingdom,Action - Reserve,$4,"+1 ActionPut this on your Tavern mat.At the start of your turn, you may call this, to trash a card from your hand, and gain a card to your hand costing up to $1 more than it.",+1,,,,1?,,,1?,
266,266,Artificer,Adventures,Kingdom,Action,$5,+1 Card+1 Action+$1Discard any number of cards. You may gain a card onto your deck costing exactly $1 per card discarded.,+1,"+1,-X",,+$1,,,,1?,
267,267,Bridge Troll,Adventures,Kingdom,Action - Attack - Duration,$5,"Each other player takes their –$1 token. Now and at the start of your next turn: +1 Buy.While this is in play, cards cost $1 less on your turns, but not less than $0.",,,"+1, N +1",,,,,,
268,268,Distant Lands,Adventures,Kingdom,Action - Reserve - Victory,$5,Put this on your Tavern mat.Worth 4VP if on your Tavern mat at the end of the game (otherwise worth 0VP).,,,,,,,,,4VP?
269,269,Giant,Adventures,Kingdom,Action - Attack,$5,"Turn your Journey token over (it starts face up). Then if it's face down, +$1. If it's face up, +$5, and each other player reveals the top card of his deck, trashes it if it costs from $3 to $6, and otherwise discards it and gains a Curse.",,,,"+$1, +$4?",,,1?,,
270,270,Haunted Woods,Adventures,Kingdom,Action - Attack - Duration,$5,"Until your next turn, when any other player buys a card, they put their hand onto their deck in any order. At the start of your next turn: +3 Cards",,N +3,,,,,,,
271,271,Lost City,Adventures,Kingdom,Action,$5,"+2 Cards+2 ActionsWhen you gain this, each other player draws a card.",+2,+2,,,,,,,
272,272,Relic,Adventures,Kingdom,Treasure - Attack,$5,"$2When you play this, each other player puts their –1 Card token on their deck.",,,,+$2,,,,,
273,273,Royal Carriage,Adventures,Kingdom,Action - Reserve,$5,"+1 ActionPut this on your Tavern mat.Directly after you finish playing an Action card, if it's still in play, you may call this, to replay that Action.",+1,,,,,,,,
274,274,Storyteller,Adventures,Kingdom,Action,$5,+1 Action+$1Play up to 3 Treasures from your hand. Then pay all of your $ (including the $1 from this) and draw a card per $1 you paid.,+1,+(X+1),,-$x,,,,,
275,275,Swamp Hag,Adventures,Kingdom,Action - Attack - Duration,$5,"Until your next turn, when any other player buys a card, they gain a Curse. At the start of your next turn: +$3.",,,,N +$3,,,1?,,
276,276,Treasure Trove,Adventures,Kingdom,Treasure,$5,"$2When you play this, gain a Gold and a Copper.",,,,+$2,,,,2,
277,277,Wine Merchant,Adventures,Kingdom,Action - Reserve,$5,"+$4+1 BuyPut this on your Tavern mat.At the end of your Buy phase, if you have at least $2 unspent, you may discard this from your Tavern mat.",,,+1,"+$4, -$2?",,,,,
278,278,Hireling,Adventures,Kingdom,Action - Duration,$6,At the start of each of your turns for the rest of the game: +1 Card(This stays in play.),,+1,,,,,,,
279,279,Alms,Adventures,Kingdom,Event,$0,"Once per turn: If you have no Treasures in play, gain a card costing up to $4.",,,,,,,,1,
280,280,Borrow,Adventures,Kingdom,Event,$0,"Once per turn: +1 Buy. If your –1 Card token isn't on your deck, put it there and +$1.",,,+1,+$1,,,,,
281,281,Quest,Adventures,Kingdom,Event,$0,"You may discard an Attack, two Curses, or six cards. If you do, gain a Gold.",,-X,,,,,,1?,
282,282,Save,Adventures,Kingdom,Event,$1,"Once per turn: +1 Buy. Set aside a card from your hand, and put it into your hand at end of turn (after drawing).",,,+1,,,,,,
283,283,Scouting Party,Adventures,Kingdom,Event,$2,+1 BuyLook at the top 5 cards of your deck. Discard 3 and put the rest back in any order.,,,+1,,,,,,
284,284,Travelling Fair,Adventures,Kingdom,Event,$2,"+2 BuysWhen you gain a card this turn, you may put it onto your deck.",,,+2,,,,,,
285,285,Bonfire,Adventures,Kingdom,Event,$3,Trash up to 2 cards you have in play.,,,,,2,,,,
286,286,Expedition,Adventures,Kingdom,Event,$3,Draw 2 extra cards for your next hand.,,N +2,,,,,,,
287,287,Ferry,Adventures,Kingdom,Event,$3,"Move your –$2 cost token to an Action Supply pile. (Cards from that pile cost $2 less on your turns, but not less than $0.)",,,,,,,,,
288,288,Plan,Adventures,Kingdom,Event,$3,"Move your Trashing token to an Action Supply pile. (When you buy a card from that pile, you may trash a card from your hand.)",,,,,,,,,
289,289,Mission,Adventures,Kingdom,Event,$4,"Once per turn: If the previous turn wasn't yours, take another turn after this one, during which you can't buy cards.",,,,,,,,,
290,290,Pilgrimage,Adventures,Kingdom,Event,$4,"Once per turn: Turn your Journey token over (it starts face up); then if it's face up, choose up to 3 differently named cards you have in play and gain a copy of each.",,,,,,,,3?,
291,291,Ball,Adventures,Kingdom,Event,$5,Take your –$1 token. Gain 2 cards each costing up to $4.,,,,-$1,,,,2,
292,292,Raid,Adventures,Kingdom,Event,$5,Gain a Silver per Silver you have in play. Each other player puts their –1 Card token on their deck.,,,,,,,,X,
293,293,Seaway,Adventures,Kingdom,Event,$5,"Gain an Action card costing up to $4. Move your +1 Buy token to its pile. (When you play a card from that pile, you first get +1 Buy.)",,,,,,,,1,
294,294,Trade,Adventures,Kingdom,Event,$5,Trash up to 2 cards from your hand. Gain a Silver per card you trashed.,,,,,0-2,,,0-2,
295,295,Lost Arts,Adventures,Kingdom,Event,$6,"Move your +1 Action token to an Action Supply pile. (When you play a card from that pile, you first get +1 Action.)",,,,,,,,,
296,296,Training,Adventures,Kingdom,Event,$6,"Move your +$1 token to an Action Supply pile. (When you play a card from that pile, you first get +$1.)",,,,,,,,,
297,297,Inheritance,Adventures,Kingdom,Event,$7,"Once per game: Set aside a non-Command Action card from the Supply costing up to $4. Move your Estate token to it. (During your turns, Estates are also Actions with ""Play the card with your Estate token, leaving it there."")",,,,,,,,,
298,298,Pathfinding,Adventures,Kingdom,Event,$8,"Move your +1 Card token to an Action Supply pile. (When you play a card from that pile, you first get +1 Card.)",,,,,,,,,
299,299,Soldier,Adventures,Kingdom,Action - Attack - Traveller,$3star,"+$2+$1 per other Attack you have in play. Each other player with 4 or more cards in hand discards a card.When you discard this from play, you may exchange it for a Fugitive.(This is not in the Supply.)",,,,+$2,,,,,
300,300,Fugitive,Adventures,Kingdom,Action - Traveller,$4star,"+2 Cards+1 ActionDiscard a card.When you discard this from play, you may exchange it for a Disciple.(This is not in the Supply.)",+1,"+2, -1",,,,,,,
301,301,Disciple,Adventures,Kingdom,Action - Traveller,$5star,"You may play an Action card from your hand twice. Gain a copy of it.When you discard this from play, you may exchange it for a Teacher.(This is not in the Supply.)",,,,,,,,1,
302,302,Teacher,Adventures,Kingdom,Action - Reserve,$6star,"Put this on your Tavern mat.At the start of your turn, you may call this, to move your +1 Card, +1 Action, +1 Buy, or +$1 token to an Action Supply pile you have no tokens on. (When you play a card from that pile, you first get that bonus.)(This is not in the Supply.)",,,,,,,,,
303,303,Treasure Hunter,Adventures,Kingdom,Action - Traveller,$3star,"+1 Action+$1Gain a Silver per card the player to your right gained on their last turn.When you discard this from play, you may exchange it for a Warrior.(This is not in the Supply.)",+1,,,+$1,,,,X,
304,304,Warrior,Adventures,Kingdom,Action - Attack - Traveller,$4star,"+2 CardsOnce per Traveller you have in play (including this), each other player discards the top card of their deck and trashes it if it costs $3 or $4.When you discard this from play, you may exchange it for a Hero.(This is not in the Supply.)",,+2,,,,,,,
305,305,Hero,Adventures,Kingdom,Action - Traveller,$5star,"+$2Gain a Treasure.When you discard this from play, you may exchange it for a Champion.(This is not in the Supply.)",,,,+$2,,,,1,
306,306,Champion,Adventures,Kingdom,Action - Duration,$6star,"+1 ActionFor the rest of the game, when another player plays an Attack card, it doesn't affect you, and when you play an Action, +1 Action.(This stays in play. This is not in the Supply.)",+1,,,,,,,,
307,307,Engineer,Empires,Kingdom,Action,<4Debt>,"Gain a card costing up to $4. You may trash this. If you do, gain a card costing up to $4.",,,,,Self?,,,"1, 1?",
308,308,City Quarter,Empires,Kingdom,Action,<8Debt>,+2 ActionsReveal your hand. +1 Card per Action card revealed.,+2,+X,,,,,,,
309,309,Royal Blacksmith,Empires,Kingdom,Action,<8Debt>,+5 CardsReveal your hand; discard the Coppers.,,"+5,-X",,,,,,,
310,310,Overlord,Empires,Kingdom,Action - Command,<8Debt>,"Play a non-Command Action card from the Supply costing up to $5, leaving it there.",,,,,,,,,
311,311,Encampment,Empires,Kingdom,Action,$2,"+2 Cards+2 ActionsYou may reveal a Gold or Plunder from your hand. If you do not, set this aside, and return it to the Supply at the start of Clean-up.",+2,+2,,,Self?,,,,
312,312,Patrician,Empires,Kingdom,Action,$2,"+1 Card+1 ActionReveal the top card of your deck. If it costs $5 or more, put it into your hand.",+1,"+1, +1?",,,,,,,
313,313,Settlers,Empires,Kingdom,Action,$2,+1 Card+1 ActionLook through your discard pile. You may reveal a Copper from it and put it into your hand.,+1,+1,,+$1?,,,,,
314,314,Catapult,Empires,Kingdom,Action - Attack,$3,"+$1Trash a card from your hand. If it costs $3 or more, each other player gains a Curse. If it's a Treasure, each other player discards down to 3 cards in hand.",,,,+$1,1,,1?,,
315,315,Chariot Race,Empires,Kingdom,Action,$3,"+1 ActionReveal the top card of your deck and put it into your hand. The player to your left reveals the top card of their deck. If your card costs more, +$1 and +1VP.",+1,+1,,+$1?,,,,,+1VP?
316,316,Enchantress,Empires,Kingdom,Action - Attack - Duration,$3,"Until your next turn, the first time each other player plays an Action card on their turn, they get +1 Card and +1 Action instead of following its instructions.At the start of your next turn, +2 Cards.",,N +2,,,,,,,
317,317,Farmers' Market,Empires,Kingdom,Action - Gathering,$3,"+1 BuyIf there are 4VP or more on the Farmers' Market Supply pile, take them and trash this. Otherwise, add 1VP to the pile and then +$1 per 1VP on the pile.",,,+1,"+$1?, +$1?, +$1?, +$1?",Self?,,,,+4VP?
318,318,Gladiator,Empires,Kingdom,Action,$3,"+$2Reveal a card from your hand. The player to your left may reveal a copy from their hand. If they do not, +$1 and trash a Gladiator from the Supply.",,,,"+$2, +$1?",,,,,
319,319,Rocks,Empires,Kingdom,Treasure,$4,"$1When you gain or trash this, gain a Silver; if it is your Buy phase, put the Silver on your deck, otherwise put it into your hand.",,,,+$1,,,,,
320,320,Sacrifice,Empires,Kingdom,Action,$4,"Trash a card from your hand. If it's an…Action card, +2 Cards, +2 ActionsTreasure card, +$2Victory card, +2VP",+2?,+2?,,+$2?,1,,,,+2VP
321,321,Temple,Empires,Kingdom,Action - Gathering,$4,"+1VPTrash from 1 to 3 differently named cards from your hand. Add 1VP to the Temple Supply pileWhen you gain this, take the VP from the Temple Supply pile.",,,,,1-3,,,,+1VP
322,322,Villa,Empires,Kingdom,Action,$4,"+2 Actions+1 Buy+$1When you gain this, put it into your hand, +1 Action, and if it's your Buy phase return to your Action phase.",+2,,+1,+$1,,,,,
323,323,Archive,Empires,Kingdom,Action - Duration,$5,"+1 ActionSet aside the top 3 cards of your deck face down (you may look at them). Now and at the start of your next two turns, put one into your hand.",+1,"+1, N+1, NN+1",,,,,,,
324,324,Bustling Village,Empires,Kingdom,Action,$5,+1 Card+3 ActionsLook through your discard pile. You may reveal a Settlers from it and put it into your hand.,+3,"+1, +1?",,,,,,,
325,325,Capital,Empires,Kingdom,Treasure,$5,"$6+1 BuyWhen you discard this from play, take <6Debt>, and then you may pay off <Debt>",,,+1,"+$6, N +<6Debt>",,,,,
326,326,Charm,Empires,Kingdom,Treasure,$5,"When you play this, choose one: +1 Buy and +$2; or the next time you buy a card this turn, you may also gain a differently named card with the same cost.",,,+1?,+$2?,,,,1?,
327,327,Crown,Empires,Kingdom,Action - Treasure,$5,"If it's your Action phase, you may play an Action from your hand twice. If it's your Buy phase, you may play a Treasure from your hand twice.",,,,,,,,,
328,328,Emporium,Empires,Kingdom,Action,$5,"+1 Card+1 Action+$1When you gain this, if you have at least 5 Action cards in play, +2VP.",+1,+1,,+$1,,,,,
329,329,Forum,Empires,Kingdom,Action,$5,"+3 Cards+1 ActionDiscard 2 cardsWhen you buy this, +1 Buy.",+1,"+3, -2",,,,,,,
330,330,Groundskeeper,Empires,Kingdom,Action,$5,"+1 Card+1 ActionWhile this is in play, when you gain a Victory card, +1VP.",+1,+1,,,,,,,+XVP
331,331,Legionary,Empires,Kingdom,Action - Attack,$5,"+$3You may reveal a Gold from your hand. If you do, each other player discards down to 2 cards in hand, then draws a card.",,,,+$3,,,,,
332,332,Plunder,Empires,Kingdom,Treasure,$5,$2+1VP,,,,+$2,,,,,+1VP
333,333,Wild Hunt,Empires,Kingdom,Action - Gathering,$5,"Choose one: +3 Cards and add 1VP to the Wild Hunt Supply pile; or gain an Estate, and if you do, take the VP from the pile.",,+3?,,,,,,1?,+XVP
334,334,Fortune,Empires,Kingdom,Treasure,$8<8Debt>,"+1 BuyWhen you play this, double your $ if you haven't yet this turn.When you gain this, gain a Gold per Gladiator you have in play.",,,+1,$xP?,,,,,
335,335,Humble Castle,Empires,Kingdom,Treasure - Victory - Castle,$3,$1Worth 1VP per Castle you have.,,,,+$1,,,,,XVP
336,336,Crumbling Castle,Empires,Kingdom,Victory - Castle,$4,"1VPWhen you gain or trash this, +1VP and gain a Silver.",,,,,,,,,1VP
337,337,Small Castle,Empires,Kingdom,Action - Victory - Castle,$5,"Trash this or a Castle from your hand. If you do, gain a Castle.2VP",,,,,"1?, Self?",,,1,2VP
338,338,Haunted Castle,Empires,Kingdom,Victory - Castle,$6,"2VPWhen you gain this during your turn, gain a Gold, and each other player with 5 or more cards in hand puts 2 cards from their hand onto their deck.",,,,,,,,,2VP
339,339,Opulent Castle,Empires,Kingdom,Action - Victory - Castle,$7,Discard any number of Victory cards. +$2 per card discarded.3VP,,-X,,+$xx2,,,,,3VP
340,340,Sprawling Castle,Empires,Kingdom,Victory - Castle,$8,"4VPWhen you gain this, gain a Duchy or 3 Estates.",,,,,,,,,4VP
341,341,Grand Castle,Empires,Kingdom,Victory - Castle,$9,"5VPWhen you gain this, reveal your hand. +1VP per Victory card in your hand and/or in play.",,,,,,,,,5VP
342,342,King's Castle,Empires,Kingdom,Victory - Castle,$10,Worth 2VP per Castle you have.,,,,,,,,,XVP
343,343,Triumph,Empires,Kingdom,Event,<5Debt>,"Gain an Estate. If you did, +1VP per card you've gained this turn.",,,,,,,,1,+XVP
344,344,Annex,Empires,Kingdom,Event,<8Debt>,Look through your discard pile. Shuffle all but up to 5 cards from it into your deck. Gain a Duchy.,,,,,,,,1,
345,345,Donate,Empires,Kingdom,Event,<8Debt>,"After this turn, put all cards from your deck and discard pile into your hand, trash any number, shuffle your hand into your deck, then draw 5 cards.",,,,,X,,,,
346,346,Advance,Empires,Kingdom,Event,$0,"You may trash an Action card from your hand. If you do, gain an Action card costing up to $6.",,,,,1,,,1,
347,347,Delve,Empires,Kingdom,Event,$2,+1 BuyGain a Silver.,,,+1,,,,,1,
348,348,Tax,Empires,Kingdom,Event,$2,"Add <2Debt> to a Supply pile.Setup: Add <1Debt> to each Supply pile. When a player buys a card, they take the <Debt> from its pile.",,,,,,,,,
349,349,Banquet,Empires,Kingdom,Event,$3,Gain 2 Coppers and a non-Victory card costing up to $5.,,,,,,,,3,
350,350,Ritual,Empires,Kingdom,Event,$4,"Gain a Curse. If you do, trash a card from your hand. +1VP per $1 it cost.",,,,,1,Self,,1,+XVP
351,351,Salt the Earth,Empires,Kingdom,Event,$4,+1VPTrash a Victory card from the Supply.,,,,,1,,,,
352,352,Wedding,Empires,Kingdom,Event,$4<3Debt>,+1VPGain a Gold.,,,,,,,,1,+1VP
353,353,Windfall,Empires,Kingdom,Event,$5,"If your deck and discard pile are empty, gain 3 Golds.",,,,,,,,3,
354,354,Conquest,Empires,Kingdom,Event,$6,Gain 2 Silvers. +1VP per Silver you've gained this turn.,,,,,,,,2,+XVP
355,355,Dominate,Empires,Kingdom,Event,$14,"Gain a Province. If you do, +9VP.",,,,,,,,1,+9VP
356,356,Aqueduct,Empires,Kingdom,Landmark,,"When you gain a Treasure, move 1VP from its pile to this. When you gain a Victory card, take the VP from this.Setup: Put 8VP on the Silver and Gold piles.",,,,,,,,,
357,357,Arena,Empires,Kingdom,Landmark,,"At the start of your Buy phase, you may discard an Action card. If you do, take 2VP from here.Setup: Put 6VP here per player.",,,,,,,,,
358,358,Bandit Fort,Empires,Kingdom,Landmark,,"When scoring, -2VP for each Silver and each Gold you have.",,,,,,,,,
359,359,Basilica,Empires,Kingdom,Landmark,,"When you buy a card, if you have $2 or more left, take 2VP from here.Setup: Put 6VP here per player.",,,,,,,,,
360,360,Battlefield,Empires,Kingdom,Landmark,,"When you gain a Victory card, take 2VP from here.Setup: Put 6VP here per player.",,,,,,,,,
361,361,Baths,Empires,Kingdom,Landmark,,"When you end your turn without having gained a card, take 2VP from here.Setup: Put 6VP here per player.",,,,,,,,,
362,362,Colonnade,Empires,Kingdom,Landmark,,"When you buy an Action card, if you have a copy of it in play, take 2VP from here.Setup: Put 6VP here per player.",,,,,,,,,
363,363,Defiled Shrine,Empires,Kingdom,Landmark,,"When you gain an Action, move 1VP from its pile to this. When you buy a Curse, take the VP from this.Setup: Put 2VP on each non-Gathering Action Supply pile.",,,,,,,,,
364,364,Fountain,Empires,Kingdom,Landmark,,"When scoring, 15VP if you have at least 10 Coppers.",,,,,,,,,
365,365,Keep,Empires,Kingdom,Landmark,,"When scoring, 5VP per differently named Treasure you have, that you have more copies of than each other player, or tied for most.",,,,,,,,,
366,366,Labyrinth,Empires,Kingdom,Landmark,,"When you gain a 2nd card in one of your turns, take 2VP from here.Setup: Put 6VP here per player.",,,,,,,,,
367,367,Mountain Pass,Empires,Kingdom,Landmark,,"When you are the first player to gain a Province, after that turn, each player bids once, up to <40Debt>, ending with you. High bidder gets +8VP and takes the <Debt> they bid.",,,,,,,,,
368,368,Museum,Empires,Kingdom,Landmark,,"When scoring, 2VP per differently named card you have.",,,,,,,,,
369,369,Obelisk,Empires,Kingdom,Landmark,,"When scoring, 2VP per card you have from the chosen pile.Setup: Choose a random Action Supply pile.",,,,,,,,,
370,370,Orchard,Empires,Kingdom,Landmark,,"When scoring, 4VP per differently named Action card you have 3 or more copies of.",,,,,,,,,
371,371,Palace,Empires,Kingdom,Landmark,,"When scoring, 3VP per set you have of Copper - Silver - Gold.",,,,,,,,,
372,372,Tomb,Empires,Kingdom,Landmark,,"When you trash a card, +1VP.",,,,,,,,,
373,373,Tower,Empires,Kingdom,Landmark,,"When scoring, 1VP per non-Victory card you have from an empty Supply pile.",,,,,,,,,
374,374,Triumphal Arch,Empires,Kingdom,Landmark,,"When scoring, 3VP per copy you have of the 2nd most common Action card among your cards (if it’s a tie, count either).",,,,,,,,,
375,375,Wall,Empires,Kingdom,Landmark,,"When scoring, -1VP per card you have after the first 15.",,,,,,,,,
376,376,Wolf Den,Empires,Kingdom,Landmark,,"When scoring, -3VP per card you have exactly one copy of.",,,,,,,,,
377,377,Druid,Nocturne,Kingdom,Action - Fate,$2,+1 BuyReceive one of the set-aside Boons (leaving it there).Setup: Set aside the top 3 Boons face up.,,,+1,,,,,,
378,378,Faithful Hound,Nocturne,Kingdom,Action - Reaction,$2,"+2 CardsWhen you discard this other than during Clean-up, you may set it aside, and put it into your hand at end of turn.",,+2,,,,,,,
379,379,Guardian,Nocturne,Kingdom,Night - Duration,$2,"Until your next turn, when another player plays an Attack card, it doesn't affect you. At the start of your next turn, +$1.This is gained to your hand (instead of your discard pile).",,,,N +$1,,,,,
380,380,Monastery,Nocturne,Kingdom,Night,$2,"For each card you've gained this turn, you may trash a card from your hand or a Copper you have in play.",,,,,X,,,,
381,381,Pixie,Nocturne,Kingdom,Action - Fate,$2,+1 Card+1 ActionDiscard the top Boon. You may trash this to receive that Boon twice.Heirloom: Goat,+1,+1,,,Self?,,,,
382,382,Tracker,Nocturne,Kingdom,Action - Fate,$2,"+$1Receive a Boon.While this is in play, when you gain a card, you may put that card onto your deck.Heirloom: Pouch",,,,+$1,,,,,
383,383,Changeling,Nocturne,Kingdom,Night,$3,"Trash this. Gain a copy of a card you have in play.In games using this, when you gain a card costing $3 or more, you may exchange it for a Changeling.",,,,,Self,,,1,
384,384,Fool,Nocturne,Kingdom,Action - Fate,$3,"If you aren't the player with Lost in the Woods, take it, take 3 Boons, and receive the Boons in any order.Heirloom: Lucky Coin",,,,,,,,,
385,385,Ghost Town,Nocturne,Kingdom,Night - Duration,$3,"At the start of your next turn, +1 Card and +1 Action.This is gained to your hand (instead of your discard pile).",N +1,N +1,,,,,,,
386,386,Leprechaun,Nocturne,Kingdom,Action - Doom,$3,"Gain a Gold. If you have exactly 7 cards in play, gain a Wish from its pile. Otherwise, receive a Hex.",,,,,,,,"1, 1?",
387,387,Night Watchman,Nocturne,Kingdom,Night,$3,"Look at the top 5 cards of your deck, discard any number, and put the rest back in any order.This is gained to your hand (instead of your discard pile).",,,,,,,,,
388,388,Secret Cave,Nocturne,Kingdom,Action - Duration,$3,"+1 Card+1 ActionYou may discard 3 cards. If you did, then at the start of your next turn, +$3.Heirloom: Magic Lamp",+1,"+1, -3?",,N +$3?,,,,,
389,389,Bard,Nocturne,Kingdom,Action - Fate,$4,+$2Receive a Boon.,,,,+$2,,,,,
390,390,Blessed Village,Nocturne,Kingdom,Action - Fate,$4,"+1 Card+2 ActionsWhen you gain this, take a Boon. Receive it now or at the start of your next turn.",+2,+1,,,,,,,
391,391,Cemetery,Nocturne,Kingdom,Victory,$4,"2VPWhen you gain this, trash up to 4 cards from your hand.Heirloom: Haunted Mirror",,,,,,,,,2VP
392,392,Conclave,Nocturne,Kingdom,Action,$4,"+$2You may play an Action card from your hand that you don't have a copy of in play. If you do, +1 Action.",+2?,,,+$2,,,,,
393,393,Devil's Workshop,Nocturne,Kingdom,Night,$4,"If the number of cards you've gained this turn is:2+, gain an Imp from its pile;1, gain a card costing up to $4;0, gain a Gold.",,,,,,,,1,
394,394,Exorcist,Nocturne,Kingdom,Night,$4,Trash a card from your hand. Gain a cheaper Spirit from one of the Spirit piles.,,,,,1,,,1,
395,395,Necromancer,Nocturne,Kingdom,Action,$4,"Play a face up, non-Duration Action card from the trash, leaving it there and turning it face down for the turn.Setup: Put the 3 Zombies into the trash.",,,,,,,,,
396,396,Shepherd,Nocturne,Kingdom,Action,$4,"+1 ActionDiscard any number of Victory cards, revealing them. +2 Cards per card discarded.Heirloom: Pasture",+1,"-X, +2X",,,,,,,
397,397,Skulk,Nocturne,Kingdom,Action - Attack - Doom,$4,"+1 BuyEach other player receives the next Hex.When you gain this, gain a Gold.",,,+1,,,,,,
398,398,Cobbler,Nocturne,Kingdom,Night - Duration,$5,"At the start of your next turn, gain a card to your hand costing up to $4.",,,,,,,,N 1,
399,399,Crypt,Nocturne,Kingdom,Night - Duration,$5,"Set aside any number of Treasures you have in play, face down (under this). While any remain, at the start of each of your turns, put one of them into your hand.",,"N+1, NN+1 …",,,,,,,
400,400,Cursed Village,Nocturne,Kingdom,Action - Doom,$5,"+2 ActionsDraw until you have 6 cards in hand.When you gain this, receive a Hex.",+2,+X,,,,,,,
401,401,Den of Sin,Nocturne,Kingdom,Night - Duration,$5,"At the start of your next turn, +2 Cards.This is gained to your hand (instead of your discard pile).",,N +2,,,,,,,
402,402,Idol,Nocturne,Kingdom,Treasure - Attack - Fate,$5,"$2When you play this, if you then have an odd number of Idols in play, receive a Boon; if an even number, each other player gains a Curse.",,,,+$2,,,1?,,
403,403,Pooka,Nocturne,Kingdom,Action,$5,"You may trash a Treasure other than Cursed Gold from your hand, for +4 Cards.Heirloom: Cursed Gold",,+4?,,,1?,,,,
404,404,Sacred Grove,Nocturne,Kingdom,Action - Fate,$5,"+1 Buy+$3Receive a Boon. If it doesn't give +$1, each other player may receive it.",,,+1,+$3,,,,,
405,405,Tormentor,Nocturne,Kingdom,Action - Attack - Doom,$5,"+$2If you have no other cards in play, gain an Imp from its pile. Otherwise, each other player receives the next Hex.",,,,+$2,,,,1?,
406,406,Tragic Hero,Nocturne,Kingdom,Action,$5,"+3 Cards+1 BuyIf you have 8 or more cards in hand (after drawing), trash this and gain a Treasure.",,+3,+1,,Self?,,,1?,
407,407,Vampire,Nocturne,Kingdom,Night - Attack - Doom,$5,Each other player receives the next Hex.Gain a card costing up to $5 other than a Vampire. Exchange this for a Bat.,,,,,Self,,,2,
408,408,Werewolf,Nocturne,Kingdom,Action - Night - Attack - Doom,$5,"If it's your Night phase, each other player receives the next Hex. Otherwise, +3 Cards.",,+3?,,,,,,,
409,409,Raider,Nocturne,Kingdom,Night - Duration - Attack,$6,"Each other player with 5 or more cards in hand discards a copy of a card you have in play (or reveals they can't).At the start of your next turn, +$3.",,,,N +$3,,,,,
410,410,Will-o'-Wisp,Nocturne,Kingdom,Action - Spirit,$0star,"+1 Card+1 ActionReveal the top card of your deck. If it costs $2 or less, put it into your hand.(This is not in the Supply.)",+1,"+1, +1?",,,,,,,
411,411,Wish,Nocturne,Kingdom,Action,$0star,"+1 ActionReturn this to its pile. If you did, gain a card to your hand costing up to $6.(This is not in the Supply.)",+1,,,,Self,,,1,
412,412,Bat,Nocturne,Kingdom,Night,$2star,"Trash up to 2 cards from your hand. If you trashed at least one, exchange this for a Vampire.(This is not in the Supply.)",,,,,"2, Self?",,,1?,
413,413,Imp,Nocturne,Kingdom,Action - Spirit,$2star,+2 CardsYou may play an Action card from your hand that you don't have a copy of in play.(This is not in the Supply.),+1?,+2,,,,,,,
414,414,Ghost,Nocturne,Kingdom,Night - Duration - Spirit,$4star,"Reveal cards from your deck until you reveal an Action. Discard the other cards and set aside the Action. At the start of your next turn, play it twice.(This is not in the Supply.)",,,,,,,,,
415,415,Zombie Apprentice,Nocturne,Kingdom,Action - Zombie,$3,You may trash an Action card from your hand for +3 Cards and +1 Action.,+1?,+3?,,,1,,,,
416,416,Zombie Mason,Nocturne,Kingdom,Action - Zombie,$3,Trash the top card of your deck. You may gain a card costing up to $1 more than it.,,,,,1,,,1?,
417,417,Zombie Spy,Nocturne,Kingdom,Action - Zombie,$3,+1 Card+1 ActionLook at the top card of your deck. Discard it or put it back.,+1,+1,,,,,,,
418,418,Haunted Mirror,Nocturne,Kingdom,Treasure - Heirloom,$0,"$1When you trash this, you may discard an Action card, to gain a Ghost from its pile.",,,,+$1,,,,,
419,419,Magic Lamp,Nocturne,Kingdom,Treasure - Heirloom,$0,"$1When you play this, if there are at least 6 cards that you have exactly 1 copy of in play, trash this. If you do, gain 3 Wishes from their pile.",,,,+$1,Self?,,,3?,
420,420,Goat,Nocturne,Kingdom,Treasure - Heirloom,$2,"$1When you play this, you may trash a card from your hand.",,,,+$1,1?,,,,
421,421,Pasture,Nocturne,Kingdom,Treasure - Victory - Heirloom,$2,$1Worth 1VP per Estate you have.,,,,+$1,,,,,XVP
422,422,Pouch,Nocturne,Kingdom,Treasure - Heirloom,$2,$1+1 Buy,,,+1,+{Cost|1}},,,,,
423,423,Cursed Gold,Nocturne,Kingdom,Treasure - Heirloom,$4,"$3When you play this, gain a Curse.",,,,+$3,,,Self,,
424,424,Lucky Coin,Nocturne,Kingdom,Treasure - Heirloom,$4,"$1When you play this, gain a Silver.",,,,+$1,,,,1,
425,425,The Earth's Gift,Nocturne,Kingdom,Boon,,You may discard a Treasure to gain a card costing up to $4.,,-1?,,,,,,1?,
426,426,The Field's Gift,Nocturne,Kingdom,Boon,,+1 Action+$1(Keep this until Clean-up.),+1,,,+$1,,,,,
427,427,The Flame's Gift,Nocturne,Kingdom,Boon,,You may trash a card from your hand.,,,,,1,,,,
428,428,The Forest's Gift,Nocturne,Kingdom,Boon,,+1 Buy+$1(Keep this until Clean-up.),,,+1,+$1,,,,,
429,429,The Moon's Gift,Nocturne,Kingdom,Boon,,Look through your discard pile. You may put a card from it onto your deck.,,,,,,,,,
430,430,The Mountain's Gift,Nocturne,Kingdom,Boon,,Gain a Silver.,,,,,,,,1,
431,431,The River's Gift,Nocturne,Kingdom,Boon,,+1 Card at the end of this turn.(Keep this until Clean-up.),,N +1,,,,,,,
432,432,The Sea's Gift,Nocturne,Kingdom,Boon,,+1 Card,,+1,,,,,,,
433,433,The Sky's Gift,Nocturne,Kingdom,Boon,,You may discard 3 cards to gain a Gold.,,-3?,,,,,,1?,
434,434,The Sun's Gift,Nocturne,Kingdom,Boon,,Look at the top 4 cards of your deck. Discard any number of them and put the rest back in any order.,,,,,,,,,
435,435,The Swamp's Gift,Nocturne,Kingdom,Boon,,Gain a Will-o'-Wisp from its pile.,,,,,,,,1,
436,436,The Wind's Gift,Nocturne,Kingdom,Boon,,+2 CardsDiscard 2 cards.,,"+2,-2",,,,,,,
437,437,Bad Omens,Nocturne,Kingdom,Hex,,Put your deck into your discard pile. Look through it and put 2 Coppers from it onto your deck (or reveal you can't).,,,,,,,2,,
438,438,Delusion,Nocturne,Kingdom,Hex,,"If you don't have Deluded or Envious, take Deluded.",,,,,,,,,
439,439,Envy,Nocturne,Kingdom,Hex,,"If you don't have Deluded or Envious, take Envious.",,,,,,,,,
440,440,Famine,Nocturne,Kingdom,Hex,,Reveal the top 3 cards of your deck. Discard the Actions. Shuffle the rest into your deck.,,,,,,,,,
441,441,Fear,Nocturne,Kingdom,Hex,,"If you have at least 5 cards in hand, discard an Action or Treasure (or reveal you can't).",,-1,,,,,,,
442,442,Greed,Nocturne,Kingdom,Hex,,Gain a Copper onto your deck.,,,,,,,1,,
443,443,Haunting,Nocturne,Kingdom,Hex,,"If you have at least 4 cards in hand, put one of them onto your deck.",,-1,,,,,,,
444,444,Locusts,Nocturne,Kingdom,Hex,,"Trash the top card of your deck. If it's Copper or Estate, gain a Curse. Otherwise, gain a cheaper card that shares a type with it.",,,,,1,,1?,1?,
445,445,Misery,Nocturne,Kingdom,Hex,,"If this is your first Misery this game, take Miserable. Otherwise, flip it over to Twice Miserable.",,,,,,,,,-2VP
446,446,Plague,Nocturne,Kingdom,Hex,,Gain a Curse to your hand.,,,,,,,1,,
447,447,Poverty,Nocturne,Kingdom,Hex,,Discard down to 3 cards in hand.,,-X,,,,,,,
448,448,War,Nocturne,Kingdom,Hex,,Reveal cards from your deck until revealing one costing $3 or $4. Trash it and discard the rest.,,,,,1,,,,
449,449,Deluded,Nocturne,Kingdom,State,,"At the start of your Buy phase, return this, and you can't buy Actions this turn.",,,,,,,,,
450,450,Envious,Nocturne,Kingdom,State,,"At the start of your Buy phase, return this, and Silver and Gold make $1 this turn.",,,,,,,,,
451,451,Lost in the Woods,Nocturne,Kingdom,State,,"At the start of your turn, you may discard a card to receive a Boon.",,-1?,,,,,,,
452,452,Miserable,Nocturne,Kingdom,State,,-2VP,,,,,,,,,-2VP
453,453,Twice Miserable,Nocturne,Kingdom,State,,-4VP,,,,,,,,,-4VP
454,454,Border Guard,Renaissance,Kingdom,Action,$2,"+1 ActionReveal the top 2 cards of your deck. Put one into your hand and discard the other. If both were Actions, take the Lantern or Horn.",+1,+1,,,,,,,
455,455,Ducat,Renaissance,Kingdom,Treasure,$2,"+1 Coffers+1 BuyWhen you gain this, you may trash a Copper from your hand.",,,+1,+1,,,,,
456,456,Lackeys,Renaissance,Kingdom,Action,$2,"+2 CardsWhen you gain this, +2 Villagers.",,+2,,,,,,,
457,457,Acting Troupe,Renaissance,Kingdom,Action,$3,+4 VillagersTrash this.,+4,,,,Self,,,,
458,458,Cargo Ship,Renaissance,Kingdom,Action - Duration,$3,"+$2Once this turn, when you gain a card, you may set it aside face up (on this). At the start of your next turn, put it into your hand.",,N +1,,+$2,,,,,
459,459,Experiment,Renaissance,Kingdom,Action,$3,"+2 Cards+1 ActionReturn this to the Supply.When you gain this, gain another Experiment (that doesn't come with another).",+1,+2,,,Self,,,,
460,460,Improve,Renaissance,Kingdom,Action,$3,"+$2At the start of Clean-up, you may trash an Action card you would discard from play this turn, to gain a card costing exactly $1 more than it.",,,,+$2,1?,,,1?,
461,461,Flag Bearer,Renaissance,Kingdom,Action,$4,"+$2When you gain or trash this, take the Flag.",,,,+$2,,,,,
462,462,Hideout,Renaissance,Kingdom,Action,$4,"+1 Card+2 ActionsTrash a card from your hand. If it's a Victory card, gain a Curse.",+2,+1,,,1,,Self?,,
463,463,Inventor,Renaissance,Kingdom,Action,$4,"Gain a card costing up to $4, then cards cost $1 less this turn (but not less than $0).",,,,,,,,1,
464,464,Mountain Village,Renaissance,Kingdom,Action,$4,"+2 ActionsLook through your discard pile and put a card from it into your hand; if you can't, +1 Card.",+2,+1,,,,,,,
465,465,Patron,Renaissance,Kingdom,Action - Reaction,$4,"+1 Villager+$2When something causes you to reveal this (using the word ""reveal""), +1 Coffers.",+1,,,+$2,,,,,
466,466,Priest,Renaissance,Kingdom,Action,$4,"+$2Trash a card from your hand. For the rest of this turn, when you trash a card, +$2.",,,,"+$2,+$x",1,,,,
467,467,Research,Renaissance,Kingdom,Action - Duration,$4,"+1 ActionTrash a card from your hand. Per $1 it costs, set aside a card from your deck face down (on this). At the start of your next turn, put those cards into your hand.",+1,N +X,,,1,,,,
468,468,Silk Merchant,Renaissance,Kingdom,Action,$4,"+2 Cards+1 BuyWhen you gain or trash this, +1 Coffers and +1 Villager.",,+2,+1,,,,,,
469,469,Old Witch,Renaissance,Kingdom,Action - Attack,$5,+3 CardsEach other player gains a Curse and may trash a Curse from their hand.,,+3,,,,,1,,
470,470,Recruiter,Renaissance,Kingdom,Action,$5,+2 CardsTrash a card from your hand. +1 Villager per $1 it costs.,+X,+2,,,1,,,,
471,471,Scepter,Renaissance,Kingdom,Treasure,$5,"When you play this, choose one: +$2; or replay an Action card you played this turn that's still in play.",,,,+$2?,,,,,
472,472,Scholar,Renaissance,Kingdom,Action,$5,Discard your hand. +7 Cards.,,"-X,+7",,,,,,,
473,473,Sculptor,Renaissance,Kingdom,Action,$5,"Gain a card to your hand costing up to $4. If it's a Treasure, +1 Villager.",+1?,,,,,,,1,
474,474,Seer,Renaissance,Kingdom,Action,$5,+1 Card+1 ActionReveal the top 3 cards of your deck. Put the ones costing from $2 to $4 into your hand. Put the rest back in any order.,+1,+1-4,,,,,,,
475,475,Spices,Renaissance,Kingdom,Treasure,$5,"$2+1 BuyWhen you gain this, +2 Coffers.",,,+1,+$2,,,,,
476,476,Swashbuckler,Renaissance,Kingdom,Action,$5,"+3 CardsIf your discard pile has any cards in it: +1 Coffers, then if you have at least 4 Coffers tokens, take the Treasure Chest.",,+3,,+1?,,,,,
477,477,Treasurer,Renaissance,Kingdom,Action,$5,+$3Choose one: Trash a Treasure from your hand; or gain a Treasure from the trash to your hand; or take the Key.,,,,+$3,1?,,,1?,
478,478,Villain,Renaissance,Kingdom,Action - Attack,$5,+2 CoffersEach other player with 5 or more cards in hand discards one costing $2 or more (or reveals they can't).,,,,+2,,,,,
479,479,Flag,Renaissance,Kingdom,Artifact,,"When drawing your hand, +1 Card.",,+1,,,,,,,
480,480,Horn,Renaissance,Kingdom,Artifact,,"Once per turn, when you discard a Border Guard from play, you may put it onto your deck.",,,,,,,,,
481,481,Key,Renaissance,Kingdom,Artifact,,"At the start of your turn, +$1.",,,,+$1,,,,,
482,482,Lantern,Renaissance,Kingdom,Artifact,,Border Guards you play reveal 3 cards and discard 2. (It takes all 3 being Actions to take the Horn.),,,,,,,,,
483,483,Treasure Chest,Renaissance,Kingdom,Artifact,,"At the start of your Buy phase, gain a Gold.",,,,,,,,1,
484,484,Cathedral,Renaissance,Kingdom,Project,$3,"At the start of your turn, trash a card from your hand.",,,,,1,,,,
485,485,City Gate,Renaissance,Kingdom,Project,$3,"At the start of your turn, +1 Card, then put a card from your hand onto your deck.",,"+1,-1",,,,,,,
486,486,Pageant,Renaissance,Kingdom,Project,$3,"At the end of your Buy phase, you may pay $1 for +1 Coffers.",,,,"(-$1, +1)?",,,,,
487,487,Sewers,Renaissance,Kingdom,Project,$3,"When you trash a card other than with this, you may trash a card from your hand.",,,,,?,,,,
488,488,Star Chart,Renaissance,Kingdom,Project,$3,"When you shuffle, you may pick one of the cards to go on top.",,,,,,,,,
489,489,Exploration,Renaissance,Kingdom,Project,$4,"At the end of your Buy phase, if you didn't buy any cards, +1 Coffers and +1 Villager.",+1?,,,+1?,,,,,
490,490,Fair,Renaissance,Kingdom,Project,$4,"At the start of your turn, +1 Buy.",,,+1,,,,,,
491,491,Silos,Renaissance,Kingdom,Project,$4,"At the start of your turn, discard any number of Coppers, revealed, and draw that many cards.",,"-X,+X",,,,,,,
492,492,Sinister Plot,Renaissance,Kingdom,Project,$4,"At the start of your turn, add a token here, or remove your tokens here for +1 Card each.",,+X?,,,,,,,
493,493,Academy,Renaissance,Kingdom,Project,$5,"When you gain an Action card, +1 Villager.",+1,,,,,,,,
494,494,Capitalism,Renaissance,Kingdom,Project,$5,"During your turns, Actions with +$ amounts in their text are also Treasures.",,,,,,,,,
495,495,Fleet,Renaissance,Kingdom,Project,$5,"After the game ends, there's an extra round of turns just for players with this.",,,,,,,,,
496,496,Guildhall,Renaissance,Kingdom,Project,$5,"When you gain a Treasure, +1 Coffers.",,,,+1,,,,,
497,497,Piazza,Renaissance,Kingdom,Project,$5,"At the start of your turn, reveal the top card of your deck. If it's an Action, play it.",+1?,+1?,,,,,,,
498,498,Road Network,Renaissance,Kingdom,Project,$5,"When another player gains a Victory card, +1 Card.",,+1,,,,,,,
499,499,Barracks,Renaissance,Kingdom,Project,$6,"At the start of your turn, +1 Action.",+1,,,,,,,,
500,500,Crop Rotation,Renaissance,Kingdom,Project,$6,"At the start of your turn, you may discard a Victory card for +2 Cards.",,"-1?,+2?",,,,,,,
501,501,Innovation,Renaissance,Kingdom,Project,$6,"The first time you gain an Action card in each of your turns, you may set it aside. If you do, play it.",,,,,,,,,
502,502,Canal,Renaissance,Kingdom,Project,$7,"During your turns, cards cost $1 less, but not less than $0.",,,,,,,,,
503,503,Citadel,Renaissance,Kingdom,Project,$8,"The first time you play an Action card during each of your turns, play it again afterward.",,,,,,,,,
504,504,Black Cat,Menagerie,Kingdom,Action - Attack - Reaction,$2,"+2 CardsIf it isn't your turn, each other player gains a Curse.When another player gains a Victory card, you may play this from your hand.",,+2,,,,,1?,,
505,505,Sleigh,Menagerie,Kingdom,Action - Reaction,$2,"Gain 2 Horses.When you gain a card, you may discard this, to put that card into your hand or onto your deck.",,,,,,,,2,
506,506,Supplies,Menagerie,Kingdom,Treasure,$2,"$1When you play this, gain a Horse onto your deck.",,,,+$1,,,,1,
507,507,Horse,Menagerie,Kingdom,Action,$3star,+2 Cards+1 ActionReturn this to its pile.(This is not in the Supply.),+1,+2,,,,,,,
508,508,Camel Train,Menagerie,Kingdom,Action,$3,"Exile a non-Victory card from the Supply.When you gain this, Exile a Gold from the Supply.",,,,,,,,,
509,509,Goatherd,Menagerie,Kingdom,Action,$3,+1 ActionYou may trash a card from your hand.+1 Card per card the player to your right trashed on their last turn.,+1,+X,,,1?,,,,
510,510,Scrap,Menagerie,Kingdom,Action,$3,Trash a card from your hand. Choose a different thing per $1 it costs: +1 Card; +1 Action; +1 Buy; +$1; gain a Silver; gain a Horse.,+1?,+1?,+1?,+$1?,1,,,0-2,
511,511,Sheepdog,Menagerie,Kingdom,Action - Reaction,$3,"+2 CardsWhen you gain a card, you may play this from your hand.",,+2,,,,,,,
512,512,Snowy Village,Menagerie,Kingdom,Action,$3,+1 Card+4 Actions+1 BuyIgnore any further +Actions you get this turn.,"+4, -X",+1,+1,,,,,,
513,513,Stockpile,Menagerie,Kingdom,Treasure,$3,"$3+1 BuyWhen you play this, Exile it.",,,+1,+$3,,Self,,,
514,514,Bounty Hunter,Menagerie,Kingdom,Action,$4,"+1 ActionExile a card from your hand. If you didn't have a copy of it in Exile, +$3.",+1,,,+$3?,,1,,,
515,515,Cardinal,Menagerie,Kingdom,Action - Attack,$4,"+$2Each other player reveals the top 2 cards of their deck, Exiles one costing from $3 to $6, and discards the rest.",,,,+$2,,,,,
516,516,Cavalry,Menagerie,Kingdom,Action,$4,"Gain 2 Horses.When you gain this, +2 Cards, +1 Buy, and if it's your Buy phase return to your Action phase.",,,,,,,,2,
517,517,Groom,Menagerie,Kingdom,Action,$4,"Gain a card costing up to $4 If it's an...Action card, gain a Horse;Treasure card, gain a Silver;Victory card, +1 Card and +1 Action.",+1?,+1?,,,,,,"+1, +1?",
518,518,Hostelry,Menagerie,Kingdom,Action,$4,"+1 Card+2 ActionsWhen you gain this, you may discard any number of Treasures, revealed, to gain that many Horses.",+2,+1,,,,,,,
519,519,Village Green,Menagerie,Kingdom,Action - Duration - Reaction,$4,"Either now or at the start of your next turn, +1 Card and +2 Actions.When you discard this other than during Clean-up, you may play it.","+2?, N+2?","+1?, N+1?",,,,,,,
520,520,Fisherman,Menagerie,Kingdom,Action,$5star,"+1 Card+1 Action+$1During your turns, if your discard pile is empty, this card cost $3 less.",+1,+1,,+$1,,,,,
521,521,Hunting Lodge,Menagerie,Kingdom,Action,$5,+1 Card+2 ActionYou may discard your hand for +5 Cards.,+2,"+1, -X+5?",,,,,,,
522,522,Barge,Menagerie,Kingdom,Action - Duration,$5,"Either now or at the start of your next turn, +3 Cards and +1 Buy.",,"+3?, N+3?","+1? , N+1?",,,,,,
523,523,Coven,Menagerie,Kingdom,Action - Attack,$5,"+1 Action+$2Each other player Exiles a Curse from the Supply. If they can't, they discard their Exiled Curses.",+1,,,+$2,,,1*,,
524,524,Displace,Menagerie,Kingdom,Action,$5,Exile a card from your hand. Gain a differently named card costing up to $2 more than it.,,,,,,1,,1,
525,525,Falconer,Menagerie,Kingdom,Action - Reaction,$5,"Gain a card to your hand costing less than this.When any player gains a card with 2 or more types (Action, Attack, etc.), you may play this from your hand.",,,,,,,,1,
526,526,Gatekeeper,Menagerie,Kingdom,Action - Duration - Attack,$5,"At the start of your next turn, +$3. Until then, when another player gains an Action or Treasure card they don't have an Exiled copy of, they Exile it.",,,,N+$3,,,,,
527,527,Kiln,Menagerie,Kingdom,Action,$5,"+$2The next time you play a card this turn, you may first gain a copy of it.",,,,+$2,,,,1?,
528,528,Livery,Menagerie,Kingdom,Action,$5,"+$3This turn, when you gain a card costing $4 or more, gain a Horse.",,,,+$3,,,,1?,
529,529,Mastermind,Menagerie,Kingdom,Action - Duration,$5,"At the start of your next turn, you may play an Action card from your hand three times.",,,,,,,,,
530,530,Paddock,Menagerie,Kingdom,Action,$5,+$2Gain 2 Horses.+1 Action per empty Supply pile.,+X,,,+$2,,,,2,
531,531,Sanctuary,Menagerie,Kingdom,Action,$5,+1 Card+1 Action+1 BuyYou may Exile a card from your hand.,+1,+1,+1,,,1?,,,
532,532,Destrier,Menagerie,Kingdom,Action,$6star,"+2 Cards+1 ActionDuring your turn, this costs $1 less per card you've gained this turn.",+1,+2,,,,,,,
533,533,Wayfarer,Menagerie,Kingdom,Action,$6star,"+3 CardsYou may gain a Silver.This has the same cost as the last other card gained this turn, if any.",,+3,,,,,,1?,
534,534,Animal Fair,Menagerie,Kingdom,Action,$7star,"+$4+1 Buy per empty supply pile.Instead of paying this card's cost, you may trash an Action card from your hand.",,,X,$4,,,,,
535,535,Delay,Menagerie,Kingdom,Event,$0,"You may set aside an Action card from your hand. At the start of next turn, play it.",,,,,,,,,
536,536,Desperation,Menagerie,Kingdom,Event,$0,"Once per turn: You may gain a Curse. If you do, +1 Buy and +$2",,,+1?,+$2?,,,Self,1?,
537,537,Gamble,Menagerie,Kingdom,Event,$2,"+1 BuyReveal the top card of your deck. It it's a Treasure or Action, you may play it. Otherwise, discard it.",,,+1,,,,,,
538,538,Pursue,Menagerie,Kingdom,Event,$2,+1 BuyName a card. Reveal the top 4 cards from your deck. Put the matches back and discard the rest.,,,+1,,,,,,
539,539,Ride,Menagerie,Kingdom,Event,$2,Gain a Horse.,,,,,,,,1,
540,540,Toil,Menagerie,Kingdom,Event,$2,+1 BuyYou may play an Action card from your hand.,,,+1,,,,,,
541,541,Enhance,Menagerie,Kingdom,Event,$3,"You may trash a non-Victory card from your hand, to gain a card costing up to $2 more than it.",,,,,1?,,,1?,
542,542,March,Menagerie,Kingdom,Event,$3,Look through your discard pile. You may play an Action card from it.,,,,,,,,,
543,543,Transport,Menagerie,Kingdom,Event,$3,Choose one: Exile an Action card from the Supply; or put an Action card you have in Exile onto your deck.,,,,,,1?,,,
544,544,Banish,Menagerie,Kingdom,Event,$4,Exile any number of cards with the same name from your hand.,,,,,,X,,,
545,545,Bargain,Menagerie,Kingdom,Event,$4,Gain a non-Victory card costing up to $5. Each other player gains a Horse.,,,,,,,,1,
546,546,Invest,Menagerie,Kingdom,Event,$4,"Exile an Action card from the Supply. While it's in Exile, when another player gains or Invests in a copy of it, +2 Cards.",,,,,,1,,,
547,547,Seize the Day,Menagerie,Kingdom,Event,$4,Once per game: Take an extra turn after this one.,,,,,,,,,
548,548,Commerce,Menagerie,Kingdom,Event,$5,Gain a Gold per differently named card you've gained this turn.,,,,,,,,X,
549,549,Demand,Menagerie,Kingdom,Event,$5,"Gain a Horse and a card costing up to $4, both onto your deck.",,,,,,,,2,
550,550,Stampede,Menagerie,Kingdom,Event,$5,"If you have 5 or fewer cards in play, gain 5 Horses onto your deck.",,,,,,,,5,
551,551,Reap,Menagerie,Kingdom,Event,$7,"Gain a Gold. Set it aside. If you do, at the start of your next turn, play it.",,,N +3,,,,,1,
552,552,Enclave,Menagerie,Kingdom,Event,$8,Gain a Gold. Exile a Duchy from the Supply.,,,,,,1,,1,
553,553,Alliance,Menagerie,Kingdom,Event,$10,"Gain a Province, a Duchy, an Estate, a Gold, a Silver, and a Copper",,,,,,,,6,
554,554,Populate,Menagerie,Kingdom,Event,$10,Gain one card from each Action Supply pile.,,,,,,,,X,
555,555,Way of the Butterfly,Menagerie,Kingdom,Way,,You may return this to its pile to gain a card costing exactly $1 more than it.,,,,,,,,1,
556,556,Way of the Camel,Menagerie,Kingdom,Way,,Exile a Gold from the Supply,,,,,,1,,,
557,557,Way of the Chameleon,Menagerie,Kingdom,Way,,"Follow this card's instructions; each time that would give you +Cards this turn, you get +$ instead, and vice-versa.",,"-X, +X",,"-$x, +$x",,,,,
558,558,Way of the Frog,Menagerie,Kingdom,Way,,"+1 ActionWhen you discard this from play this turn, put it onto your deck.",+1,,,,,,,,
559,559,Way of the Goat,Menagerie,Kingdom,Way,,Trash a card from your hand.,,,,,1,,,,
560,560,Way of the Horse,Menagerie,Kingdom,Way,,+2 Cards+1 ActionReturn this to its pile.,+1,+2,,,,Self,,,
561,561,Way of the Mole,Menagerie,Kingdom,Way,,+1 ActionDiscard your hand. +3 Cards.,+1,"-X, +3",,,,,,,
562,562,Way of the Monkey,Menagerie,Kingdom,Way,,+1 Buy+$1,,,+1,+$1,,,,,
563,563,Way of the Mouse,Menagerie,Kingdom,Way,,"Play the set-aside card, leaving it there.Setup: Set aside an unused Action costing $2 or $3.",,,,,,,,,
564,564,Way of the Mule,Menagerie,Kingdom,Way,,+1 Action+$1,+1,,,+$1,,,,,
565,565,Way of the Otter,Menagerie,Kingdom,Way,,+2 Cards,,+2,,,,,,,
566,566,Way of the Ox,Menagerie,Kingdom,Way,,+2 Actions,+2,,,,,,,,
567,567,Way of the Owl,Menagerie,Kingdom,Way,,Draw until you have 6 cards in your hand.,,+X,,,,,,,
568,568,Way of the Pig,Menagerie,Kingdom,Way,,+1 Card+1 Action,+1,+1,,,,,,,
569,569,Way of the Rat,Menagerie,Kingdom,Way,,You may discard a Treasure to gain a copy of this.,,-1,,,,,,1,
570,570,Way of the Seal,Menagerie,Kingdom,Way,,"+$1This turn, when you gain a card, you may put it onto your deck.",,,,+$1,,,,,
571,571,Way of the Sheep,Menagerie,Kingdom,Way,,+$2,,,,+$2,,,,,
572,572,Way of the Squirrel,Menagerie,Kingdom,Way,,+2 Cards at the end of this turn.,,N +2,,,,,,,
573,573,Way of the Turtle,Menagerie,Kingdom,Way,,"Set this aside. If you did, play it at the start of your next turn.",,,,,,,,,
574,574,Way of the Worm,Menagerie,Kingdom,Way,,Exile an Estate from the Supply.,,,,,,1,,,
575,575,Black Market,Promo,Kingdom,Action,$3,+$2 Reveal the top 3 cards of the Black Market deck. Play any number of Treasures from your hand. You may buy one of the revealed cards. Put the rest on the bottom of the Black Market deck in any order.Setup: Make a Black Market deck out of different unused Kingdom cards.,,,,+$2,,,,,
576,576,Church,Promo,Kingdom,Action - Duration,$3,"+1 ActionSet aside up to 3 cards from your hand face down. At the start of your next turn, put them into your hand, then you may trash a card from your hand.",+1,"-0-3, N +0-3",,,N 1?,,,,
577,577,Dismantle,Promo,Kingdom,Action,$4,"Trash a card from your hand. If it costs $1 or more, gain a cheaper card and a Gold.",,,,,1,,,2?,
578,578,Envoy,Promo,Kingdom,Action,$4,Reveal the top 5 cards of your deck. The player to your left chooses one. Discard that one and put the rest into your hand.,,+4,,,,,,,
579,579,Sauna,Promo,Kingdom,Action,$4,"+1 Card+1 ActionYou may play an Avanto from your hand.While this is in play, when you play a Silver, you may trash a card from your hand.",+1,"+1, +1?",,,X,,,,
580,580,Walled Village,Promo,Kingdom,Action,$4,"+1 Card+2 ActionsAt the start of Clean-up, if you have this and no more than one other Action card in play, you may put this onto your deck.",+2,+1,,,,,,,
581,581,Avanto,Promo,Kingdom,Action,$5,+3 CardsYou may play a Sauna from your hand.,+1?,+3,,,,,,,
582,582,Governor,Promo,Kingdom,Action,$5,+1 ActionChoose one; you get the version in parentheses: Each player gets +1 (+3) Cards; or each player gains a Silver (Gold); or each player may trash a card from their hand and gain a card costing exactly $1 ($2) more.,+1,+3?,,,1?,,,1?,
583,583,Stash,Promo,Kingdom,Treasure,$5,"$2When shuffling, you may look through your remaining deck, and may put this anywhere in the shuffled cards.",,,,+$2,,,,,
584,584,Summon,Promo,Kingdom,Event,$5,"Gain an Action card costing up to $4. Set it aside. If you did, then at the start of your next turn, play it.",,,,,,,,1,
585,585,Captain,Promo,Kingdom,Action - Duration - Command,$6,"Now and at the start of your next turn:Play a non-Duration non-Command Action card from the Supply costing up to $4, leaving it there.",,,,,,,,,
586,586,Prince,Promo,Kingdom,Action,$8,"You may set this aside. If you do, set aside an Action card from your hand costing up to $4. At the start of each of your turns, play that Action, setting it aside again when you discard it from play. (Stop playing it if you fail to set it aside on a turn you play it.)",,,,,,,,,
